Date,Symbol,Series,Prev Close,Open Price,High Price,Low Price,Last Price,Close Price,Average Price,Volume,Turnover ₹,No. of Trades,Deliverable Qty,% Dly Qt to Traded Qty
2023-05-02,ICICIBANK,EQ,917.65,924.0,925.8,918.7,921.95,922.1,922.52,17515017.0,16158017786.15,171814.0,"48,73,474",27.82
2023-05-03,ICICIBANK,EQ,922.1,919.55,923.85,911.55,921.7,922.85,917.93,18715142.0,17179260633.2,193633.0,"48,06,434",25.68
2023-05-04,ICICIBANK,EQ,922.85,920.0,923.9,911.8,920.1,921.7,917.17,20485002.0,18788228239.4,182779.0,"39,68,637",19.37
2023-05-05,ICICIBANK,EQ,921.7,925.0,942.45,923.45,927.0,926.95,933.17,19002035.0,17732172083.15,233042.0,"65,86,561",34.66
2023-05-08,ICICIBANK,EQ,926.95,927.0,941.7,927.0,937.85,937.9,938.29,18623913.0,17474548902.45,173542.0,"43,06,643",23.12
2023-05-09,ICICIBANK,EQ,937.9,941.0,945.0,931.8,934.0,934.4,939.45,21507610.0,20205219030.0,197816.0,"55,37,901",25.75
2023-05-10,ICICIBANK,EQ,934.4,934.6,941.0,928.25,936.6,936.05,933.75,25910923.0,24194253986.15,210957.0,"71,46,365",27.58
2023-05-11,ICICIBANK,EQ,936.05,940.05,947.0,933.85,939.65,939.2,940.72,20027372.0,18840164285.9,213605.0,"44,33,797",22.14
2023-05-12,ICICIBANK,EQ,939.2,939.75,948.0,935.1,943.5,943.9,940.76,13873480.0,13051598098.95,197789.0,"40,40,266",29.12
2023-05-15,ICICIBANK,EQ,943.9,943.75,949.0,938.2,944.15,945.75,944.97,10453762.0,9878468196.25,164481.0,"33,09,735",31.66
2023-05-16,ICICIBANK,EQ,945.75,950.0,952.2,943.0,944.3,946.35,948.71,19612293.0,18606305163.9,226076.0,"65,10,403",33.2
2023-05-17,ICICIBANK,EQ,946.35,947.3,948.4,935.8,942.4,939.35,941.45,19273344.0,18144912091.25,249139.0,"66,32,984",34.42
2023-05-18,ICICIBANK,EQ,939.35,947.95,952.25,942.1,946.5,946.5,947.09,21550141.0,20409847199.75,209338.0,"51,63,840",23.96
2023-05-19,ICICIBANK,EQ,946.5,951.45,956.0,941.6,954.0,954.3,948.41,15427412.0,14631454419.2,256936.0,"44,57,516",28.89
2023-05-22,ICICIBANK,EQ,954.3,951.05,954.25,946.15,948.5,950.35,950.48,15509525.0,14741519452.5,174326.0,"29,18,539",18.82
2023-05-23,ICICIBANK,EQ,950.35,952.0,958.85,945.0,951.0,953.4,954.55,16579935.0,15826384807.3,179712.0,"59,76,229",36.04
2023-05-24,ICICIBANK,EQ,953.4,946.7,953.85,938.5,941.1,940.65,948.39,18049620.0,17118111862.45,156440.0,"50,58,988",28.03
2023-05-25,ICICIBANK,EQ,940.65,937.0,941.6,932.95,939.4,939.85,937.68,19328582.0,18124113002.95,165933.0,"54,34,226",28.11
2023-05-26,ICICIBANK,EQ,939.85,939.8,952.45,935.55,950.5,950.7,944.9,10957182.0,10353399956.05,116316.0,"28,42,350",25.94
2023-05-29,ICICIBANK,EQ,950.7,953.85,957.6,946.8,948.15,948.15,951.73,12108079.0,11523605997.05,154665.0,"41,63,616",34.39
2023-05-30,ICICIBANK,EQ,948.15,945.35,952.3,944.65,951.35,949.95,948.19,18483624.0,17525924428.0,165705.0,"50,95,077",27.57
2023-05-31,ICICIBANK,EQ,949.95,949.5,952.0,940.5,951.3,949.15,946.37,27254425.0,25792657193.2,196047.0,"1,21,63,846",44.63
2023-06-01,ICICIBANK,EQ,949.15,954.25,954.25,932.8,936.45,936.1,946.03,21650700.0,20482235167.7,199559.0,"43,44,533",20.07
2023-06-02,ICICIBANK,EQ,936.1,943.0,944.65,935.05,936.6,938.15,939.61,12494376.0,11739902972.45,202054.0,"49,00,317",39.22
2023-06-05,ICICIBANK,EQ,938.15,943.0,951.8,943.0,947.0,946.75,948.39,10751684.0,10196745923.25,124104.0,"25,00,361",23.26
2023-06-06,ICICIBANK,EQ,946.75,946.5,947.8,938.1,942.6,942.1,941.11,11894330.0,11193869092.55,140147.0,"38,28,216",32.19
2023-06-07,ICICIBANK,EQ,942.1,944.35,945.85,933.8,940.0,940.2,937.88,16486469.0,15462369201.45,201193.0,"55,62,271",33.74
2023-06-08,ICICIBANK,EQ,940.2,936.6,950.5,935.2,938.95,937.9,943.61,17608140.0,16615268439.75,191521.0,"44,67,667",25.37
2023-06-09,ICICIBANK,EQ,937.9,941.4,944.0,936.2,939.0,938.05,939.36,12253128.0,11510047267.8,160590.0,"50,41,613",41.15
2023-06-12,ICICIBANK,EQ,938.05,938.0,943.5,933.3,936.7,935.95,938.6,10520125.0,9874219363.85,163744.0,"44,95,674",42.73
2023-06-13,ICICIBANK,EQ,935.95,935.9,946.25,934.1,943.75,943.55,940.17,13528776.0,12719334878.3,184244.0,"51,23,245",37.87
2023-06-14,ICICIBANK,EQ,943.55,946.05,946.95,936.25,939.15,939.8,938.69,13489262.0,12662298905.9,161261.0,"71,33,576",52.88
2023-06-15,ICICIBANK,EQ,939.8,940.7,942.95,924.35,927.0,926.6,932.03,19366819.0,18050535655.75,196189.0,"63,80,876",32.95
2023-06-16,ICICIBANK,EQ,926.6,929.3,937.75,927.0,934.05,934.2,932.02,11249387.0,10484657237.25,166192.0,"63,55,075",56.49
2023-06-19,ICICIBANK,EQ,934.2,933.5,933.95,918.7,922.35,923.15,923.17,19351375.0,17864588448.55,282056.0,"75,25,806",38.89
2023-06-20,ICICIBANK,EQ,923.15,920.95,928.55,914.8,928.2,925.55,919.93,15212286.0,13994175555.45,287355.0,"70,46,483",46.32
2023-06-21,ICICIBANK,EQ,925.55,928.0,928.4,920.0,925.0,924.7,923.8,9210553.0,8508710895.75,157330.0,"37,66,988",40.9
2023-06-22,ICICIBANK,EQ,924.7,924.4,935.55,920.7,925.7,925.75,930.42,27291569.0,25392594584.0,215747.0,"54,86,085",20.1
2023-06-23,ICICIBANK,EQ,925.75,926.05,931.9,919.0,923.9,923.5,924.42,8767733.0,8105050233.05,155655.0,"29,61,310",33.78
2023-06-26,ICICIBANK,EQ,923.5,927.1,931.8,923.2,927.0,927.45,926.74,11749040.0,10888355748.15,195374.0,"77,29,710",65.79
2023-06-27,ICICIBANK,EQ,927.45,930.0,939.95,922.2,939.5,936.1,929.69,13422726.0,12478987767.95,212409.0,"84,71,994",63.12
2023-06-28,ICICIBANK,EQ,936.1,944.0,944.0,934.3,939.95,937.45,938.91,25708001.0,24137627542.55,315439.0,"1,23,89,281",48.19
2023-06-29,ICICIBANK,EQ,936.1,944.0,944.0,934.3,939.95,937.45,938.91,25708001.0,24137627542.55,315439.0,"1,23,89,281",48.19
2023-06-30,ICICIBANK,EQ,937.45,940.5,942.2,930.65,934.0,934.6,934.58,13843218.0,12937538588.05,238313.0,"97,40,979",70.37
2023-07-03,ICICIBANK,EQ,934.6,937.0,945.75,936.5,942.95,942.55,942.96,12350359.0,11645937223.35,280788.0,"71,91,470",58.23
2023-07-04,ICICIBANK,EQ,942.55,947.25,951.3,942.0,944.55,944.7,946.5,14041699.0,13290439502.7,230684.0,"55,67,115",39.65
2023-07-05,ICICIBANK,EQ,944.7,942.05,964.75,941.0,959.4,958.0,959.34,13817767.0,13256000056.3,236282.0,"58,35,096",42.23
2023-07-06,ICICIBANK,EQ,958.0,954.7,963.9,954.0,958.0,959.4,959.75,16334427.0,15676948689.65,265389.0,"69,51,795",42.56
2023-07-07,ICICIBANK,EQ,959.4,953.0,955.05,943.8,944.95,946.4,949.99,8593807.0,8163998786.25,205348.0,"47,72,725",55.54
2023-07-10,ICICIBANK,EQ,946.4,946.0,952.9,941.35,947.75,948.4,948.81,12069184.0,11451380722.1,239717.0,"54,31,652",45.0
2023-07-11,ICICIBANK,EQ,948.4,948.4,952.7,941.9,945.9,944.95,948.14,16977595.0,16097205936.2,274418.0,"60,71,134",35.76
2023-07-12,ICICIBANK,EQ,944.95,948.4,951.15,941.25,944.0,944.4,945.5,21511161.0,20338709528.85,341763.0,"1,11,47,680",51.82
2023-07-13,ICICIBANK,EQ,944.4,947.7,959.25,942.2,956.5,955.7,953.88,23222286.0,22151217019.2,320781.0,"52,69,391",22.69
2023-07-14,ICICIBANK,EQ,955.7,959.75,965.0,951.35,964.8,960.05,958.54,12871569.0,12337973703.65,233201.0,"52,46,174",40.76
2023-07-17,ICICIBANK,EQ,960.05,962.9,973.8,952.85,972.05,968.7,959.83,16290763.0,15636381792.45,227824.0,"41,01,652",25.18
2023-07-18,ICICIBANK,EQ,968.7,978.0,987.95,971.15,975.95,975.45,978.45,29709508.0,29069204304.05,402173.0,"43,62,080",14.68
2023-07-19,ICICIBANK,EQ,975.45,980.0,980.0,967.55,973.55,973.45,972.26,15994261.0,15550541577.95,228514.0,"26,50,920",16.57
2023-07-20,ICICIBANK,EQ,973.45,976.05,998.15,972.1,994.75,995.6,985.69,26487838.0,26108832396.35,299493.0,"82,81,653",31.27
2023-07-21,ICICIBANK,EQ,995.6,995.3,1001.45,988.8,1000.45,997.0,994.46,16903003.0,16809434509.7,255812.0,"63,24,995",37.42
2023-07-24,ICICIBANK,EQ,997.0,1004.95,1008.7,990.1,991.95,992.0,997.52,21687719.0,21633951939.75,358444.0,"77,69,554",35.82
2023-07-25,ICICIBANK,EQ,992.0,999.0,999.0,988.25,993.9,994.7,992.39,29325327.0,29102078261.1,365896.0,"79,73,286",27.19
2023-07-26,ICICIBANK,EQ,994.7,993.1,997.75,990.0,996.15,996.45,993.76,12780537.0,12700781383.7,211486.0,"41,77,342",32.69
2023-07-27,ICICIBANK,EQ,996.45,1002.55,1006.5,987.2,994.1,990.25,993.54,25932395.0,25764883809.1,320992.0,"79,28,081",30.57
2023-07-28,ICICIBANK,EQ,990.25,988.0,998.7,977.05,995.55,996.2,986.6,12584130.0,12415548731.2,286623.0,"55,31,491",43.96
2023-07-31,ICICIBANK,EQ,996.2,996.0,999.4,988.6,997.0,998.3,995.23,14303116.0,14234904667.9,232761.0,"57,82,607",40.43
2023-08-01,ICICIBANK,EQ,998.3,1001.65,1003.7,990.45,995.65,994.55,995.03,15508569.0,15431416863.2,233652.0,"30,62,074",19.74
2023-08-02,ICICIBANK,EQ,994.55,985.25,994.1,977.5,986.05,986.95,985.15,15787996.0,15553548909.85,243935.0,"58,45,658",37.03
2023-08-03,ICICIBANK,EQ,986.95,976.55,983.0,960.05,966.5,965.0,968.6,30994707.0,30021543110.85,409313.0,"1,14,92,374",37.08
2023-08-04,ICICIBANK,EQ,965.0,968.65,976.0,961.25,970.85,970.5,969.48,20582882.0,19954679141.05,296882.0,"74,76,579",36.32
2023-08-07,ICICIBANK,EQ,970.5,970.95,981.5,968.2,975.0,975.65,976.6,16686062.0,16295685155.95,224562.0,"73,09,302",43.8
2023-08-08,ICICIBANK,EQ,975.65,975.75,986.6,972.3,981.0,979.9,980.5,23784778.0,23321034820.05,298758.0,"64,14,691",26.97
2023-08-09,ICICIBANK,EQ,979.9,974.95,975.3,963.6,973.0,972.7,969.34,19317331.0,18725102116.35,196780.0,"50,05,743",25.91
2023-08-10,ICICIBANK,EQ,972.7,971.55,973.65,959.45,963.35,964.1,965.21,24858441.0,23993561281.3,336041.0,"56,15,817",22.59
2023-08-11,ICICIBANK,EQ,964.1,963.4,963.5,950.0,954.35,952.85,955.69,17162177.0,16401688668.6,194985.0,"81,84,004",47.69
2023-08-14,ICICIBANK,EQ,952.85,949.0,962.9,946.0,959.0,959.55,956.4,19026691.0,18197049210.4,245849.0,"66,87,043",35.15
2023-08-15,ICICIBANK,EQ,952.85,949.0,962.9,946.0,959.0,959.55,956.4,19026691.0,18197049210.4,245849.0,"66,87,043",35.15
2023-08-16,ICICIBANK,EQ,959.55,954.45,959.8,946.6,956.0,956.5,954.56,17930805.0,17116068426.3,189193.0,"52,28,649",29.16
2023-08-17,ICICIBANK,EQ,956.5,956.95,957.8,946.45,950.0,951.65,951.03,27077611.0,25751522550.55,332152.0,"78,67,476",29.06
2023-08-18,ICICIBANK,EQ,951.65,947.9,955.0,946.0,948.95,950.65,951.53,13257508.0,12614874160.35,215725.0,"55,53,198",41.89
2023-08-21,ICICIBANK,EQ,950.65,950.7,959.3,948.4,952.85,955.2,955.23,13358017.0,12759968175.35,253434.0,"65,86,890",49.31
2023-08-22,ICICIBANK,EQ,955.2,956.4,956.95,949.3,950.0,952.0,953.54,16872719.0,16088743644.25,284535.0,"55,43,301",32.85
2023-08-23,ICICIBANK,EQ,952.0,954.0,968.05,949.85,967.0,966.85,960.41,14707331.0,14125049768.25,331761.0,"56,47,028",38.4
2023-08-24,ICICIBANK,EQ,966.85,972.5,982.4,966.75,968.8,968.95,972.6,28389740.0,27611944070.65,343063.0,"56,39,523",19.86
2023-08-25,ICICIBANK,EQ,968.95,962.95,972.6,960.2,969.85,970.4,968.49,10275758.0,9951995362.2,196217.0,"39,08,857",38.04
2023-08-28,ICICIBANK,EQ,970.4,969.95,975.0,965.05,971.4,970.55,970.17,10481574.0,10168926507.6,245681.0,"48,41,265",46.19
2023-08-29,ICICIBANK,EQ,970.55,973.3,977.25,965.65,967.7,967.75,970.16,13209913.0,12815756159.75,220782.0,"40,65,107",30.77
2023-08-30,ICICIBANK,EQ,967.75,970.45,975.9,955.4,958.5,958.9,966.84,13936165.0,13474025378.85,277019.0,"58,38,998",41.9
2023-08-31,ICICIBANK,EQ,958.9,960.0,966.2,954.05,959.85,958.75,959.09,36675400.0,35174833652.85,365627.0,"1,54,61,131",42.16
2023-09-01,ICICIBANK,EQ,958.75,956.9,973.05,952.8,967.6,968.7,961.63,16268147.0,15643884506.15,269894.0,"72,06,654",44.3
2023-09-04,ICICIBANK,EQ,968.7,968.7,969.05,960.55,967.0,967.35,964.6,9512956.0,9176182299.3,209738.0,"44,30,060",46.57
2023-09-05,ICICIBANK,EQ,967.35,964.1,970.0,962.25,969.5,968.4,965.27,16623486.0,16046141015.75,259236.0,"49,04,307",29.5
2023-09-06,ICICIBANK,EQ,968.4,962.55,969.5,950.8,960.05,957.5,957.94,30802100.0,29506413588.7,436476.0,"96,61,765",31.37
2023-09-07,ICICIBANK,EQ,957.5,957.4,969.5,954.7,962.95,965.65,961.62,13462347.0,12945641821.95,244409.0,"44,41,841",32.99
2023-09-08,ICICIBANK,EQ,965.65,967.5,975.0,961.25,971.8,970.55,968.42,13086915.0,12673695006.9,219318.0,"50,29,816",38.43
2023-09-11,ICICIBANK,EQ,970.55,974.95,982.0,969.35,982.0,978.25,974.06,7894110.0,7689302117.05,213561.0,"41,47,416",52.54
2023-09-12,ICICIBANK,EQ,978.25,990.1,995.15,982.65,989.55,990.5,988.45,20959591.0,20717509808.35,297925.0,"87,02,966",41.52
2023-09-13,ICICIBANK,EQ,990.5,989.8,994.85,980.55,989.95,989.8,988.38,21997553.0,21742027080.55,363734.0,"71,27,182",32.4
2023-09-14,ICICIBANK,EQ,989.8,992.3,992.9,982.25,987.75,987.7,987.17,11464188.0,11317106954.4,215342.0,"50,42,479",43.98
2023-09-15,ICICIBANK,EQ,987.7,990.35,997.5,988.6,991.95,992.45,992.53,13307980.0,13208589294.85,197327.0,"71,10,193",53.43
2023-09-18,ICICIBANK,EQ,992.45,990.1,996.25,987.3,989.45,990.2,992.03,16713222.0,16579990394.95,232525.0,"62,79,996",37.58
2023-09-19,ICICIBANK,EQ,992.45,990.1,996.25,987.3,989.45,990.2,992.03,16713222.0,16579990394.95,232525.0,"62,79,996",37.58
2023-09-20,ICICIBANK,EQ,990.2,981.55,996.0,980.65,988.1,987.15,986.34,25741856.0,25390113398.5,471565.0,"1,03,35,867",40.15
2023-09-21,ICICIBANK,EQ,987.15,979.95,982.5,957.45,959.4,959.3,965.36,19742813.0,19058980867.15,397438.0,"71,07,994",36.0
2023-09-22,ICICIBANK,EQ,959.3,956.5,960.9,947.4,951.5,950.3,955.04,12701888.0,12130824852.4,285137.0,"54,62,713",43.01
2023-09-25,ICICIBANK,EQ,950.3,950.3,961.2,941.5,957.0,956.35,951.5,8997098.0,8560757897.1,216411.0,"44,57,784",49.55
2023-09-26,ICICIBANK,EQ,956.35,958.95,958.95,947.1,949.5,948.7,951.89,10521409.0,10015250645.2,285454.0,"52,84,772",50.23
2023-09-27,ICICIBANK,EQ,948.7,946.3,946.5,934.4,942.0,943.1,940.81,15152973.0,14256060103.9,275468.0,"87,26,495",57.59
2023-09-28,ICICIBANK,EQ,943.1,945.5,947.25,934.75,942.75,942.6,940.64,25991282.0,24448458324.4,298964.0,"1,17,83,578",45.34
2023-09-29,ICICIBANK,EQ,942.6,946.7,956.0,943.7,953.0,951.9,952.41,10447334.0,9950104904.1,197973.0,"51,66,164",49.45
2023-10-02,ICICIBANK,EQ,942.6,946.7,956.0,943.7,953.0,951.9,952.41,10447334.0,9950104904.1,197973.0,"51,66,164",49.45
2023-10-03,ICICIBANK,EQ,951.9,951.6,951.6,939.0,939.85,940.3,942.49,11131636.0,10491463492.05,287297.0,"66,05,618",59.34
2023-10-04,ICICIBANK,EQ,940.3,935.0,935.5,925.0,932.25,930.05,928.86,17334739.0,16101559184.7,331953.0,"80,01,032",46.16
2023-10-05,ICICIBANK,EQ,930.05,935.2,943.95,934.55,939.35,940.85,939.94,10478856.0,9849541968.9,258254.0,"61,55,130",58.74
2023-10-06,ICICIBANK,EQ,940.85,946.0,946.55,938.0,945.1,945.2,942.83,6355755.0,5992381430.7,211853.0,"38,83,614",61.1
2023-10-09,ICICIBANK,EQ,945.2,940.25,942.05,936.3,939.4,938.6,939.59,6725306.0,6319020565.15,164572.0,"47,66,205",70.87
2023-10-10,ICICIBANK,EQ,938.6,940.4,957.5,940.35,951.8,951.2,950.77,11452715.0,10888905072.3,312706.0,"61,70,364",53.88
2023-10-11,ICICIBANK,EQ,951.2,954.9,962.05,950.75,952.9,953.1,954.48,12233117.0,11676233151.1,250829.0,"52,70,609",43.08
2023-10-12,ICICIBANK,EQ,953.1,952.85,960.1,948.4,954.75,954.25,955.21,7836818.0,7485823584.0,198184.0,"43,43,257",55.42
2023-10-13,ICICIBANK,EQ,954.25,949.95,957.4,944.55,949.5,951.3,949.15,6650442.0,6312242596.05,185229.0,"30,46,532",45.81
2023-10-16,ICICIBANK,EQ,951.3,948.5,954.85,946.15,950.5,951.4,951.09,5763024.0,5481129890.3,171124.0,"36,84,553",63.93
2023-10-17,ICICIBANK,EQ,951.4,955.4,960.95,951.5,954.5,953.9,955.05,7747527.0,7399301380.75,171383.0,"33,51,417",43.26
2023-10-18,ICICIBANK,EQ,953.9,949.2,950.65,939.1,943.5,943.75,944.12,12000153.0,11329585673.05,265905.0,"60,97,921",50.82
2023-10-19,ICICIBANK,EQ,943.75,936.0,945.0,934.0,934.85,935.75,938.38,8612676.0,8081944861.8,224163.0,"42,03,331",48.8
2023-10-20,ICICIBANK,EQ,935.75,932.0,940.0,930.0,934.0,932.75,934.41,6586576.0,6154589020.6,211005.0,"36,78,744",55.85
2023-10-23,ICICIBANK,EQ,932.75,942.0,944.8,925.4,931.1,929.95,938.81,11856890.0,11131359569.6,280316.0,"54,00,962",45.55
2023-10-24,ICICIBANK,EQ,932.75,942.0,944.8,925.4,931.1,929.95,938.81,11856890.0,11131359569.6,280316.0,"54,00,962",45.55
2023-10-25,ICICIBANK,EQ,929.95,926.05,933.8,911.4,917.4,916.1,921.17,12593434.0,11600643622.95,366568.0,"78,69,741",62.49
2023-10-26,ICICIBANK,EQ,916.1,914.3,916.6,899.0,910.0,908.65,905.65,21693345.0,19646681777.2,401566.0,"1,18,47,343",54.61
2023-10-27,ICICIBANK,EQ,908.65,916.0,918.15,911.3,914.0,912.75,913.92,8645505.0,7901304895.55,247992.0,"56,40,911",65.25
2023-10-30,ICICIBANK,EQ,912.75,909.1,926.3,908.2,924.25,924.9,919.45,7687791.0,7068566838.35,218361.0,"42,80,229",55.68
2023-10-31,ICICIBANK,EQ,924.9,929.3,931.0,914.1,916.3,915.35,920.82,17211107.0,15848409572.2,294816.0,"89,18,681",51.82
2023-11-01,ICICIBANK,EQ,915.35,913.8,917.6,909.3,914.45,914.05,913.35,12927203.0,11807026467.3,258010.0,"45,76,322",35.4
2023-11-02,ICICIBANK,EQ,914.05,920.05,924.8,912.8,920.25,919.95,918.74,9747311.0,8955253577.45,209580.0,"39,52,072",40.55
2023-11-03,ICICIBANK,EQ,919.95,928.55,934.5,926.8,933.0,933.8,931.58,7146961.0,6657998287.8,158826.0,"42,24,067",59.1
2023-11-06,ICICIBANK,EQ,933.8,941.0,947.75,937.4,947.5,945.45,942.4,10338367.0,9742886548.95,211428.0,"70,29,089",67.99
2023-11-07,ICICIBANK,EQ,945.45,943.6,950.45,930.45,948.35,948.1,938.19,15704942.0,14734190070.9,447032.0,"43,81,797",27.9
2023-11-08,ICICIBANK,EQ,948.1,948.45,948.45,934.1,935.7,935.75,936.99,17606074.0,16496734862.35,441034.0,"58,52,195",33.24
2023-11-09,ICICIBANK,EQ,935.75,934.0,942.35,933.0,936.5,937.35,938.01,9406117.0,8823005431.45,207920.0,"40,42,029",42.97
2023-11-10,ICICIBANK,EQ,937.35,934.9,941.45,932.4,940.5,938.6,937.49,9560455.0,8962808080.0,160920.0,"48,53,719",50.77
2023-11-13,ICICIBANK,EQ,942.35,940.9,940.9,932.0,934.1,934.45,934.34,11470096.0,10717018281.95,249856.0,"62,34,815",54.36
2023-11-14,ICICIBANK,EQ,942.35,940.9,940.9,932.0,934.1,934.45,934.34,11470096.0,10717018281.95,249856.0,"62,34,815",54.36
2023-11-15,ICICIBANK,EQ,934.45,944.4,944.4,938.75,942.0,941.1,941.23,19492138.0,18346502448.5,291251.0,"1,19,93,070",61.53
2023-11-16,ICICIBANK,EQ,941.1,939.0,946.2,934.0,935.0,936.0,939.28,19706373.0,18509828840.85,287113.0,"1,24,53,084",63.19
2023-11-17,ICICIBANK,EQ,936.0,926.55,938.4,920.15,920.8,921.85,927.68,10956653.0,10164255599.15,264468.0,"72,31,791",66.0
2023-11-20,ICICIBANK,EQ,921.85,922.0,926.75,917.5,920.95,921.45,922.71,10562301.0,9745970504.05,217769.0,"66,94,180",63.38
2023-11-21,ICICIBANK,EQ,921.45,924.4,928.05,922.0,927.45,926.1,924.98,8989572.0,8315132428.0,255397.0,"45,32,420",50.42
2023-11-22,ICICIBANK,EQ,926.1,923.25,925.2,914.75,923.2,922.75,920.02,12197979.0,11222427797.35,231742.0,"50,13,740",41.1
2023-11-23,ICICIBANK,EQ,922.75,923.0,925.35,918.5,923.05,923.0,921.82,5534614.0,5101943695.1,154622.0,"32,64,680",58.99
2023-11-24,ICICIBANK,EQ,923.0,921.5,930.4,920.2,929.0,929.4,925.03,7452002.0,6893360153.95,164564.0,"44,42,551",59.62
2023-11-27,ICICIBANK,EQ,923.0,921.5,930.4,920.2,929.0,929.4,925.03,7452002.0,6893360153.95,164564.0,"44,42,551",59.62
2023-11-28,ICICIBANK,EQ,929.4,928.9,931.05,921.7,930.1,925.5,925.0,14231987.0,13164522353.65,331592.0,"87,55,751",61.52
2023-11-29,ICICIBANK,EQ,925.5,930.9,941.1,926.0,940.25,939.6,932.37,11680078.0,10890142789.3,243844.0,"79,40,152",67.98
2023-11-30,ICICIBANK,EQ,939.6,938.95,940.85,928.2,935.1,934.95,934.14,23950292.0,22372841520.7,350540.0,"1,39,81,742",58.38
2023-12-01,ICICIBANK,EQ,934.95,935.95,952.0,933.0,947.5,946.7,945.05,16986046.0,16052598307.45,303858.0,"1,09,70,897",64.59
2023-12-04,ICICIBANK,EQ,946.7,963.7,994.85,961.4,991.0,991.2,977.0,33131257.0,32369280671.9,451348.0,"2,20,76,125",66.63
2023-12-05,ICICIBANK,EQ,991.2,1002.5,1015.75,995.05,1011.0,1013.45,1008.77,31378461.0,31653782357.9,447529.0,"1,51,62,845",48.32
2023-12-06,ICICIBANK,EQ,1013.45,1014.0,1016.25,1000.25,1002.7,1003.25,1004.35,18786590.0,18868401905.05,310120.0,"86,99,665",46.31
2023-12-07,ICICIBANK,EQ,1003.25,996.35,1002.2,988.15,996.95,999.0,997.02,11841945.0,11806639948.45,234487.0,"71,58,556",60.45
2023-12-08,ICICIBANK,EQ,999.0,994.5,1012.85,993.25,1011.5,1010.85,1004.16,16116363.0,16183373034.15,252795.0,"1,07,74,765",66.86
2023-12-11,ICICIBANK,EQ,1010.85,1007.1,1020.0,1004.65,1015.35,1017.1,1015.52,11714606.0,11896421687.6,328196.0,"72,56,063",61.94
2023-12-12,ICICIBANK,EQ,1017.1,1017.1,1021.0,1008.6,1014.0,1015.7,1014.31,12380856.0,12558035033.4,274254.0,"60,33,113",48.73
2023-12-13,ICICIBANK,EQ,1015.7,1014.8,1020.7,1009.2,1013.3,1013.9,1013.53,15887040.0,16101952737.0,267603.0,"80,82,472",50.87
2023-12-14,ICICIBANK,EQ,1013.9,1022.25,1040.0,1021.25,1034.05,1033.65,1033.94,16317672.0,16871539889.3,316845.0,"1,04,16,442",63.84
2023-12-15,ICICIBANK,EQ,1033.65,1043.65,1043.7,1025.7,1034.1,1037.4,1034.57,14306067.0,14800627972.5,247584.0,"96,40,057",67.38
2023-12-18,ICICIBANK,EQ,1037.4,1029.95,1029.95,1018.0,1024.95,1021.45,1022.18,8592711.0,8783339398.05,323894.0,"46,22,730",53.8
2023-12-19,ICICIBANK,EQ,1021.45,1025.5,1025.5,1012.6,1014.0,1015.45,1017.14,10094256.0,10267241982.35,273477.0,"52,64,619",52.15
2023-12-20,ICICIBANK,EQ,1015.45,1022.0,1022.0,1002.0,1003.9,1006.65,1010.88,16490281.0,16669747974.95,314770.0,"83,16,896",50.44
2023-12-21,ICICIBANK,EQ,1006.65,996.55,1010.9,989.2,1004.7,1004.4,998.76,18064916.0,18042561316.1,284015.0,"1,08,78,799",60.22
2023-12-22,ICICIBANK,EQ,1004.4,1002.95,1009.55,991.6,994.75,994.3,999.72,20881976.0,20876052963.25,459822.0,"1,10,63,508",52.98
2023-12-25,ICICIBANK,EQ,1004.4,1002.95,1009.55,991.6,994.75,994.3,999.72,20881976.0,20876052963.25,459822.0,"1,10,63,508",52.98
2023-12-26,ICICIBANK,EQ,994.3,994.9,997.5,989.9,995.75,995.1,993.91,14339699.0,14252368734.05,431341.0,"91,93,636",64.11
2023-12-27,ICICIBANK,EQ,995.1,997.95,1004.9,992.0,1003.3,1002.25,999.11,12996468.0,12984956515.15,258434.0,"83,73,654",64.43
2023-12-28,ICICIBANK,EQ,1002.25,1008.0,1011.7,999.1,1005.55,1005.9,1004.75,24915990.0,25034418852.1,332414.0,"1,44,70,506",58.08
2023-12-29,ICICIBANK,EQ,1005.9,1004.05,1008.55,993.7,998.4,996.6,997.94,12280140.0,12254823841.85,261570.0,"78,89,939",64.25
2024-01-01,ICICIBANK,EQ,996.6,991.55,1004.85,991.0,994.0,999.4,999.54,7683792.0,7680242979.25,179252.0,"41,34,924",53.81
2024-01-02,ICICIBANK,EQ,999.4,997.0,997.65,980.25,982.2,982.25,986.5,16263825.0,16044246136.2,299393.0,"89,87,680",55.26
2024-01-03,ICICIBANK,EQ,982.25,984.7,988.0,975.1,986.35,984.05,982.04,16826752.0,16524592371.55,288368.0,"94,63,080",56.24
2024-01-04,ICICIBANK,EQ,984.05,986.4,989.15,981.9,988.65,987.15,985.6,22789140.0,22461089129.1,309334.0,"1,69,67,479",74.45
2024-01-05,ICICIBANK,EQ,987.15,988.0,998.3,983.8,992.55,993.7,990.9,14875499.0,14740093870.25,312189.0,"93,32,205",62.74
2024-01-08,ICICIBANK,EQ,993.7,994.0,998.2,980.3,983.0,982.0,989.45,8393164.0,8304657336.65,196576.0,"41,75,907",49.75
2024-01-09,ICICIBANK,EQ,982.0,986.25,995.0,975.4,978.0,979.75,984.62,14660414.0,14434925887.7,202344.0,"55,15,197",37.62
2024-01-10,ICICIBANK,EQ,979.75,974.3,994.95,974.3,992.5,993.05,989.28,9409181.0,9308354597.1,183064.0,"57,49,186",61.1
2024-01-11,ICICIBANK,EQ,993.05,995.3,998.5,986.85,990.4,991.15,991.28,6451345.0,6395101765.1,205605.0,"39,96,181",61.94
2024-01-12,ICICIBANK,EQ,991.15,994.8,1008.7,991.75,1001.95,1003.5,1002.83,12255743.0,12290375605.85,255004.0,"82,77,142",67.54
2024-01-15,ICICIBANK,EQ,1003.5,1003.5,1011.65,999.25,1010.0,1009.85,1007.04,12388044.0,12475200079.75,339028.0,"74,85,540",60.43
2024-01-16,ICICIBANK,EQ,1009.85,1006.1,1015.8,1004.6,1007.65,1009.05,1010.56,11505126.0,11626570821.35,286201.0,"66,25,571",57.59
2024-01-17,ICICIBANK,EQ,1009.05,987.9,1007.8,976.75,979.5,981.75,989.71,41914771.0,41483325173.95,580135.0,"1,75,95,246",41.98
2024-01-18,ICICIBANK,EQ,981.75,973.95,994.3,970.15,987.5,986.35,984.56,17902484.0,17626126346.95,405442.0,"1,11,14,591",62.08
2024-01-19,ICICIBANK,EQ,986.35,991.3,1010.9,987.55,1000.0,999.2,1002.64,23271148.0,23332513523.6,373845.0,"1,68,74,233",72.51
2024-01-22,ICICIBANK,EQ,986.35,991.3,1010.9,987.55,1000.0,999.2,1002.64,23271148.0,23332513523.6,373845.0,"1,68,74,233",72.51
2024-01-23,ICICIBANK,EQ,1008.7,1059.1,1059.4,1021.2,1027.9,1029.05,1035.82,50797448.0,52616782751.05,669065.0,"3,16,61,624",62.33
2024-01-24,ICICIBANK,EQ,1029.05,1029.45,1035.95,996.65,998.3,999.2,1006.0,34578943.0,34786249969.95,341150.0,"2,30,14,320",66.56
2024-01-25,ICICIBANK,EQ,999.2,998.4,1015.1,988.15,1009.0,1009.95,1002.34,28315035.0,28381251257.0,342997.0,"1,42,29,052",50.25
2024-01-26,ICICIBANK,EQ,999.2,998.4,1015.1,988.15,1009.0,1009.95,1002.34,28315035.0,28381251257.0,342997.0,"1,42,29,052",50.25
2024-01-29,ICICIBANK,EQ,1009.95,1020.0,1032.0,1010.0,1018.15,1016.4,1020.75,14078922.0,14371068911.45,288152.0,"83,12,982",59.05
2024-01-30,ICICIBANK,EQ,1016.4,1014.95,1023.85,1008.0,1014.9,1016.9,1015.16,16085742.0,16329641195.2,272053.0,"82,12,652",51.06
2024-01-31,ICICIBANK,EQ,1016.9,1016.8,1039.0,1003.25,1024.7,1028.15,1027.23,25627447.0,26325196239.65,384552.0,"1,25,71,213",49.05
2024-02-01,ICICIBANK,EQ,1028.15,1033.95,1033.95,1017.4,1024.7,1025.15,1025.68,13058880.0,13394253293.6,240963.0,"70,66,624",54.11
2024-02-02,ICICIBANK,EQ,1025.15,1037.1,1050.0,1021.65,1023.5,1024.0,1037.09,14774650.0,15322579057.0,298259.0,"55,33,876",37.46
2024-02-05,ICICIBANK,EQ,1024.0,1022.5,1026.45,1012.1,1021.5,1023.5,1020.49,12948430.0,13213806903.0,252161.0,"50,63,778",39.11
2024-02-06,ICICIBANK,EQ,1023.5,1023.55,1034.9,1016.7,1027.75,1026.4,1027.06,12886927.0,13235660038.15,203228.0,"60,89,164",47.25
2024-02-07,ICICIBANK,EQ,1026.4,1028.0,1031.55,1013.0,1022.85,1022.15,1020.41,16410895.0,16745900269.85,302775.0,"75,54,837",46.04
2024-02-08,ICICIBANK,EQ,1022.15,1024.1,1028.25,985.25,991.9,989.3,1003.64,20565502.0,20640320782.2,332222.0,"1,18,67,524",57.71
2024-02-09,ICICIBANK,EQ,989.3,988.85,1013.75,985.5,1010.95,1010.7,1005.08,12799837.0,12864802516.9,307855.0,"72,47,647",56.62
2024-02-12,ICICIBANK,EQ,1010.7,1010.4,1012.2,985.25,994.1,996.1,996.95,8050066.0,8025492595.25,231523.0,"32,23,949",40.05
2024-02-13,ICICIBANK,EQ,996.1,1006.0,1027.05,1000.3,1018.55,1019.8,1016.0,18706292.0,19005585172.8,294962.0,"63,89,610",34.16
2024-02-14,ICICIBANK,EQ,1019.8,1009.55,1035.7,1007.55,1020.5,1022.7,1023.3,17878720.0,18295210771.65,333327.0,"62,29,040",34.84
2024-02-15,ICICIBANK,EQ,1022.7,1022.85,1026.65,1006.6,1019.1,1016.65,1013.82,10069878.0,10209072761.8,238688.0,"40,72,687",40.44
2024-02-16,ICICIBANK,EQ,1016.65,1023.2,1026.2,1016.9,1022.95,1023.25,1022.11,7159395.0,7317724030.4,228404.0,"38,42,449",53.67
2024-02-19,ICICIBANK,EQ,1023.25,1023.35,1046.0,1023.35,1041.05,1043.75,1039.05,9388255.0,9754860639.6,223270.0,"51,47,259",54.83
2024-02-20,ICICIBANK,EQ,1043.75,1041.05,1052.65,1033.25,1049.75,1048.75,1046.56,11293528.0,11819391718.9,251413.0,"49,91,710",44.2
2024-02-21,ICICIBANK,EQ,1048.75,1056.8,1064.0,1048.0,1049.35,1051.95,1056.03,15946325.0,16839758063.3,285074.0,"84,00,930",52.68
2024-02-22,ICICIBANK,EQ,1051.95,1056.0,1066.0,1040.3,1061.55,1062.7,1054.56,13432573.0,14165481752.55,289172.0,"49,66,739",36.98
2024-02-23,ICICIBANK,EQ,1062.7,1070.0,1070.0,1057.65,1061.25,1061.3,1063.91,13142759.0,13982766720.4,217544.0,"83,43,213",63.48
2024-02-26,ICICIBANK,EQ,1061.3,1053.1,1062.3,1050.5,1053.75,1054.2,1055.62,7875941.0,8313978243.65,187011.0,"50,27,751",63.84
2024-02-27,ICICIBANK,EQ,1054.2,1050.75,1066.2,1046.5,1061.5,1060.2,1057.17,10580973.0,11185895021.2,203486.0,"58,98,487",55.75
2024-02-28,ICICIBANK,EQ,1060.2,1063.0,1064.85,1042.15,1046.6,1046.2,1051.19,7730332.0,8126074219.15,175450.0,"39,65,568",51.3
2024-02-29,ICICIBANK,EQ,1046.2,1043.05,1060.7,1038.5,1054.95,1052.2,1051.47,20944844.0,22022802548.35,343777.0,"1,04,21,268",49.76
2024-03-01,ICICIBANK,EQ,1052.2,1055.0,1089.95,1054.0,1085.0,1086.9,1079.42,14909562.0,16093696257.8,315463.0,"95,92,724",64.34
2024-03-04,ICICIBANK,EQ,1084.65,1081.0,1095.0,1080.1,1090.9,1092.35,1090.04,11424581.0,12453254625.85,251185.0,"77,85,048",68.14
2024-03-05,ICICIBANK,EQ,1092.35,1086.2,1099.5,1076.5,1087.85,1088.05,1089.6,9222544.0,10048890642.95,258890.0,"47,45,297",51.45
2024-03-06,ICICIBANK,EQ,1088.05,1080.3,1113.55,1080.3,1099.0,1097.1,1101.61,21796484.0,24011191501.45,364582.0,"1,01,80,700",46.71
2024-03-07,ICICIBANK,EQ,1097.1,1094.95,1095.0,1082.7,1086.5,1087.95,1088.3,9963926.0,10843732033.05,262108.0,"57,43,168",57.64
2024-03-08,ICICIBANK,EQ,1097.1,1094.95,1095.0,1082.7,1086.5,1087.95,1088.3,9963926.0,10843732033.05,262108.0,"57,43,168",57.64
2024-03-11,ICICIBANK,EQ,1087.95,1087.95,1087.95,1076.75,1077.5,1078.7,1081.06,13310362.0,14389279964.5,250456.0,"95,77,327",71.95
2024-03-12,ICICIBANK,EQ,1078.7,1077.05,1094.8,1055.65,1075.05,1076.85,1077.9,21785435.0,23482625405.85,304992.0,"1,01,42,990",46.56
2024-03-13,ICICIBANK,EQ,1076.85,1077.15,1089.65,1073.15,1082.0,1083.95,1084.38,24855870.0,26953204669.15,361717.0,"1,31,65,624",52.97
2024-03-14,ICICIBANK,EQ,1083.95,1080.0,1097.1,1075.05,1084.35,1083.6,1086.03,14231421.0,15455740913.55,259807.0,"62,07,330",43.62
2024-03-15,ICICIBANK,EQ,1083.6,1072.0,1086.25,1070.0,1073.9,1080.35,1080.17,66192734.0,71499718294.1,347312.0,"4,90,77,479",74.14
2024-03-18,ICICIBANK,EQ,1080.35,1075.05,1084.8,1060.05,1082.1,1081.2,1076.61,8769440.0,9441285942.75,253537.0,"41,01,264",46.77
2024-03-19,ICICIBANK,EQ,1081.2,1078.45,1088.75,1075.25,1081.45,1083.95,1082.6,16708715.0,18088899237.65,367746.0,"1,03,42,948",61.9
2024-03-20,ICICIBANK,EQ,1083.95,1080.0,1090.0,1067.5,1087.0,1084.5,1081.24,18725251.0,20246525010.95,365151.0,"82,33,921",43.97
2024-03-21,ICICIBANK,EQ,1084.5,1092.0,1100.0,1079.15,1081.5,1081.8,1086.38,19992607.0,21719605114.85,252414.0,"1,36,07,650",68.06
2024-03-22,ICICIBANK,EQ,1081.8,1081.15,1093.7,1078.7,1089.5,1090.3,1089.91,17214415.0,18762240505.05,258317.0,"1,04,40,853",60.65
2024-03-25,ICICIBANK,EQ,1081.8,1081.15,1093.7,1078.7,1089.5,1090.3,1089.91,17214415.0,18762240505.05,258317.0,"1,04,40,853",60.65
2024-03-26,ICICIBANK,EQ,1090.3,1081.0,1089.15,1076.95,1083.4,1083.7,1083.24,13367635.0,14480333014.75,213520.0,"75,84,977",56.74
2024-03-27,ICICIBANK,EQ,1083.7,1083.7,1092.5,1079.55,1085.0,1083.75,1085.29,26907245.0,29202142587.1,318363.0,"1,37,97,010",51.28
2024-03-28,ICICIBANK,EQ,1083.75,1085.0,1105.05,1085.0,1096.05,1093.3,1098.05,22070566.0,24234485223.65,369595.0,"1,19,50,777",54.15
2024-03-29,ICICIBANK,EQ,1083.75,1085.0,1105.05,1085.0,1096.05,1093.3,1098.05,22070566.0,24234485223.65,369595.0,"1,19,50,777",54.15
2024-04-01,ICICIBANK,EQ,1093.3,1096.05,1102.95,1094.45,1098.7,1099.65,1098.49,10848191.0,11916581584.35,191651.0,"73,48,389",67.74
2024-04-02,ICICIBANK,EQ,1099.65,1094.45,1094.45,1079.25,1083.15,1081.2,1083.39,14380396.0,15579539289.95,226080.0,"73,80,311",51.32
2024-04-03,ICICIBANK,EQ,1081.2,1075.0,1083.65,1072.25,1077.35,1077.2,1078.5,15477184.0,16692070515.2,237385.0,"76,47,513",49.41
2024-04-04,ICICIBANK,EQ,1077.2,1084.75,1085.8,1063.45,1080.55,1078.85,1074.52,21419689.0,23015858480.35,405986.0,"87,50,884",40.85
2024-04-05,ICICIBANK,EQ,1078.85,1070.0,1086.0,1067.45,1084.0,1083.4,1073.64,15340637.0,16470380648.6,208528.0,"1,05,97,870",69.08
2024-04-08,ICICIBANK,EQ,1083.4,1078.35,1091.75,1076.3,1087.0,1087.15,1086.22,8023461.0,8715249008.2,182575.0,"50,67,692",63.16
2024-04-09,ICICIBANK,EQ,1087.15,1091.95,1115.25,1088.3,1107.7,1107.05,1106.16,12298463.0,13604116450.75,250588.0,"69,86,882",56.81
2024-04-10,ICICIBANK,EQ,1107.05,1110.95,1116.55,1105.15,1108.8,1109.4,1110.24,10598000.0,11766295607.5,209324.0,"50,38,453",47.54
2024-04-11,ICICIBANK,EQ,1107.05,1110.95,1116.55,1105.15,1108.8,1109.4,1110.24,10598000.0,11766295607.5,209324.0,"50,38,453",47.54
2024-04-12,ICICIBANK,EQ,1109.4,1103.5,1111.85,1095.8,1103.0,1104.4,1103.24,12216657.0,13477844384.65,233873.0,"58,16,469",47.61
2024-04-15,ICICIBANK,EQ,1104.4,1100.2,1106.15,1076.6,1077.6,1078.35,1085.46,10526597.0,11426239543.0,276339.0,"61,30,101",58.23
2024-04-16,ICICIBANK,EQ,1078.35,1070.55,1074.6,1062.7,1068.75,1067.05,1067.53,11278092.0,12039721950.35,245846.0,"71,47,384",63.37
2024-04-17,ICICIBANK,EQ,1078.35,1070.55,1074.6,1062.7,1068.75,1067.05,1067.53,11278092.0,12039721950.35,245846.0,"71,47,384",63.37
2024-04-18,ICICIBANK,EQ,1067.05,1074.0,1078.05,1050.45,1055.3,1055.45,1061.02,16564216.0,17575027387.85,256438.0,"95,92,696",57.91
2024-04-19,ICICIBANK,EQ,1055.45,1052.95,1072.0,1048.1,1068.0,1067.25,1062.04,11284433.0,11984483579.2,226385.0,"59,43,916",52.67
2024-04-22,ICICIBANK,EQ,1067.25,1078.8,1088.7,1070.35,1087.45,1086.65,1081.11,10346714.0,11185892977.85,233249.0,"63,24,415",61.12
2024-04-23,ICICIBANK,EQ,1086.65,1100.0,1100.0,1082.7,1089.35,1090.25,1089.76,9848215.0,10732159786.3,225694.0,"60,22,904",61.16
2024-04-24,ICICIBANK,EQ,1090.25,1092.25,1098.4,1089.0,1096.0,1096.75,1095.26,5461309.0,5981531726.8,163749.0,"28,39,358",51.99
2024-04-25,ICICIBANK,EQ,1096.75,1090.0,1125.65,1089.95,1110.9,1113.75,1111.16,19905338.0,22117948129.1,432523.0,"1,10,21,596",55.37
2024-04-26,ICICIBANK,EQ,1113.75,1112.15,1120.0,1102.75,1110.75,1107.9,1108.32,14190059.0,15727185878.25,256262.0,"75,91,720",53.5
2024-04-29,ICICIBANK,EQ,1107.9,1108.0,1163.45,1107.9,1156.4,1160.15,1145.94,28578063.0,32748745656.25,452808.0,"1,21,93,669",42.67
2024-04-30,ICICIBANK,EQ,1160.15,1159.95,1169.55,1146.75,1150.25,1150.4,1158.79,29568491.0,34263639032.05,409690.0,"1,30,01,458",43.97
2024-05-01,ICICIBANK,EQ,1160.15,1159.95,1169.55,1146.75,1150.25,1150.4,1158.79,29568491.0,34263639032.05,409690.0,"1,30,01,458",43.97
2024-05-02,ICICIBANK,EQ,1150.4,1143.0,1155.5,1133.25,1139.5,1139.45,1142.46,25118334.0,28696770052.6,378404.0,"1,38,48,713",55.13
2024-05-03,ICICIBANK,EQ,1139.45,1141.3,1157.4,1135.45,1139.9,1142.05,1142.35,19933604.0,22771068634.85,335319.0,"1,12,84,333",56.61
2024-05-06,ICICIBANK,EQ,1142.05,1141.55,1158.45,1138.1,1149.0,1146.3,1148.75,14970524.0,17197390735.3,293643.0,"88,40,014",59.05
2024-05-07,ICICIBANK,EQ,1146.3,1147.95,1152.75,1126.3,1130.8,1131.9,1133.89,15097728.0,17119126238.5,276170.0,"82,77,553",54.83
2024-05-08,ICICIBANK,EQ,1131.9,1126.55,1132.0,1116.05,1126.5,1123.0,1121.94,19913090.0,22341334413.55,236817.0,"1,22,53,880",61.54
2024-05-09,ICICIBANK,EQ,1123.0,1120.55,1128.85,1110.0,1113.75,1115.7,1116.17,12229853.0,13650562748.75,340525.0,"80,44,806",65.78
2024-05-10,ICICIBANK,EQ,1115.7,1118.0,1128.9,1112.05,1118.3,1117.05,1118.62,8573656.0,9590623686.25,201833.0,"46,08,865",53.76
2024-05-13,ICICIBANK,EQ,1117.05,1112.4,1130.65,1106.7,1126.65,1128.0,1118.74,9707983.0,10860681696.7,310812.0,"53,35,513",54.96
2024-05-14,ICICIBANK,EQ,1128.0,1125.9,1127.9,1118.55,1120.6,1120.55,1122.22,8944262.0,10037433196.2,211368.0,"52,44,926",58.64
2024-05-15,ICICIBANK,EQ,1120.55,1122.1,1127.8,1113.5,1125.1,1124.35,1120.74,10743423.0,12040556800.25,200613.0,"44,34,922",41.28
2024-05-16,ICICIBANK,EQ,1124.35,1133.0,1136.55,1112.8,1129.0,1131.05,1124.26,14265565.0,16038189930.75,288251.0,"52,82,654",37.03
2024-05-17,ICICIBANK,EQ,1131.05,1131.05,1144.0,1120.6,1130.5,1130.5,1129.46,8641784.0,9760545932.65,184425.0,"46,87,091",54.24
2024-05-20,ICICIBANK,EQ,1131.05,1131.05,1144.0,1120.6,1130.5,1130.5,1129.46,8641784.0,9760545932.65,184425.0,"46,87,091",54.24
2024-05-21,ICICIBANK,EQ,1130.75,1122.2,1133.8,1116.25,1119.2,1120.95,1123.77,10452900.0,11746662509.9,303384.0,"75,32,194",72.06
2024-05-22,ICICIBANK,EQ,1120.95,1125.0,1125.9,1098.1,1114.65,1111.1,1111.52,17527411.0,19482088013.75,297269.0,"89,84,502",51.26
2024-05-23,ICICIBANK,EQ,1111.1,1115.55,1137.0,1111.4,1136.5,1134.5,1127.3,13787687.0,15542815997.35,356486.0,"66,65,714",48.35
2024-05-24,ICICIBANK,EQ,1134.5,1130.0,1135.0,1124.15,1132.4,1131.95,1128.96,6312670.0,7126733318.7,168952.0,"26,12,181",41.38
2024-05-27,ICICIBANK,EQ,1131.95,1131.9,1147.8,1121.55,1129.55,1129.8,1136.51,11599857.0,13183347631.65,232724.0,"63,78,103",54.98
2024-05-28,ICICIBANK,EQ,1129.8,1132.5,1135.2,1125.0,1126.0,1126.95,1128.55,9311718.0,10508731133.3,183922.0,"51,83,835",55.67
2024-05-29,ICICIBANK,EQ,1126.95,1115.05,1123.55,1098.5,1104.0,1102.0,1105.33,19268547.0,21298039298.25,278017.0,"1,14,55,727",59.45
2024-05-30,ICICIBANK,EQ,1102.0,1097.0,1121.0,1096.9,1118.0,1113.7,1112.39,15255387.0,16969873875.3,288897.0,"87,24,082",57.19
2024-05-31,ICICIBANK,EQ,1113.7,1118.0,1130.6,1111.25,1121.85,1121.05,1121.14,26197718.0,29371225814.9,372763.0,"1,24,92,870",47.69
2024-06-03,ICICIBANK,EQ,1121.05,1170.0,1173.0,1136.3,1164.9,1160.0,1153.68,25699977.0,29649582413.3,404461.0,"1,06,75,854",41.54
2024-06-04,ICICIBANK,EQ,1160.0,1157.9,1159.4,1053.55,1076.0,1071.45,1100.42,43476837.0,47842667620.9,736743.0,"1,40,54,035",32.33
2024-06-05,ICICIBANK,EQ,1071.45,1085.0,1123.25,1051.05,1102.95,1108.65,1088.83,42172104.0,45918290524.45,495916.0,"1,64,53,850",39.02
2024-06-06,ICICIBANK,EQ,1108.65,1118.0,1118.0,1096.6,1111.75,1110.4,1108.24,18574162.0,20584551019.2,322991.0,"71,01,228",38.23
2024-06-07,ICICIBANK,EQ,1110.4,1110.4,1128.3,1103.6,1121.0,1121.7,1121.0,17197635.0,19278488358.35,259981.0,"85,62,893",49.79
2024-06-10,ICICIBANK,EQ,1121.7,1116.0,1133.2,1115.1,1119.8,1123.8,1125.65,10851455.0,12214952684.85,266869.0,"68,65,455",63.27
2024-06-11,ICICIBANK,EQ,1123.8,1119.75,1129.05,1111.0,1117.0,1118.2,1121.15,12250002.0,13734101150.75,260793.0,"51,76,869",42.26
2024-06-12,ICICIBANK,EQ,1118.2,1121.0,1133.4,1112.0,1116.8,1119.55,1122.44,16096514.0,18067358887.55,252614.0,"83,59,873",51.94
2024-06-13,ICICIBANK,EQ,1119.55,1122.2,1123.2,1105.0,1110.3,1107.35,1113.06,12494254.0,13906865822.3,242344.0,"81,38,481",65.14
2024-06-14,ICICIBANK,EQ,1107.35,1114.0,1114.0,1099.45,1105.05,1105.65,1106.42,11377979.0,12588866450.9,254117.0,"63,28,869",55.62
2024-06-17,ICICIBANK,EQ,1107.35,1114.0,1114.0,1099.45,1105.05,1105.65,1106.42,11377979.0,12588866450.9,254117.0,"63,28,869",55.62
2024-06-18,ICICIBANK,EQ,1105.65,1113.95,1135.05,1101.2,1125.75,1122.85,1116.84,18306176.0,20445019555.65,395048.0,"1,22,78,243",67.07
2024-06-19,ICICIBANK,EQ,1122.85,1127.95,1165.55,1126.15,1144.4,1144.45,1145.3,34309514.0,39294754455.05,411691.0,"1,31,23,207",38.25
2024-06-20,ICICIBANK,EQ,1144.45,1154.05,1160.0,1135.5,1156.6,1156.8,1148.53,15475933.0,17774609753.75,290565.0,"83,78,463",54.14
2024-06-21,ICICIBANK,EQ,1156.8,1163.55,1169.9,1150.65,1157.5,1158.65,1158.43,69259425.0,80232244391.8,364312.0,"4,53,43,258",65.47
2024-06-24,ICICIBANK,EQ,1158.65,1154.65,1175.65,1152.65,1169.5,1170.1,1167.04,12210295.0,14249961881.65,334746.0,"57,27,261",46.91
2024-06-25,ICICIBANK,EQ,1170.1,1170.25,1206.0,1167.65,1204.0,1197.95,1189.12,27309845.0,32474729413.3,340752.0,"1,06,98,273",39.17
2024-06-26,ICICIBANK,EQ,1197.95,1202.0,1222.85,1193.85,1211.0,1218.0,1213.68,25403461.0,30831720749.55,338144.0,"1,20,22,888",47.33
2024-06-27,ICICIBANK,EQ,1218.0,1228.35,1235.0,1209.1,1216.5,1219.9,1223.4,20516632.0,25100065333.5,333951.0,"1,02,72,054",50.07
2024-06-28,ICICIBANK,EQ,1219.9,1227.0,1227.0,1196.35,1197.25,1199.6,1205.22,12507092.0,15073852025.65,239920.0,"69,47,558",55.55
2024-07-01,ICICIBANK,EQ,1199.6,1199.6,1215.35,1192.05,1208.05,1211.85,1207.5,8636894.0,10429024972.3,216109.0,"45,44,835",52.62
2024-07-02,ICICIBANK,EQ,1211.85,1217.0,1217.0,1185.55,1191.9,1190.6,1194.64,16153925.0,19298185249.15,288672.0,"71,37,154",44.18
2024-07-03,ICICIBANK,EQ,1190.6,1196.85,1215.85,1179.45,1200.0,1201.6,1201.88,22330897.0,26839117475.35,322655.0,"60,91,710",27.28
2024-07-04,ICICIBANK,EQ,1201.6,1229.0,1234.95,1214.3,1231.95,1233.0,1226.12,15275791.0,18729947538.2,352519.0,"88,14,442",57.7
2024-07-05,ICICIBANK,EQ,1233.0,1225.0,1242.6,1220.85,1231.85,1233.4,1230.96,9535575.0,11737894586.9,222003.0,"42,73,527",44.82
2024-07-08,ICICIBANK,EQ,1233.4,1228.9,1239.5,1216.9,1237.0,1235.05,1232.84,6617190.0,8157945587.7,141803.0,"38,01,598",57.45
2024-07-09,ICICIBANK,EQ,1235.05,1234.95,1250.2,1229.3,1245.75,1248.25,1242.29,13366874.0,16605489307.5,225750.0,"76,05,247",56.9
2024-07-10,ICICIBANK,EQ,1248.25,1252.75,1252.75,1236.35,1242.0,1243.2,1243.64,18226503.0,22667118261.75,237867.0,"91,00,069",49.93
2024-07-11,ICICIBANK,EQ,1243.2,1246.35,1257.8,1225.05,1240.0,1238.45,1238.32,11307116.0,14001786280.2,254070.0,"60,90,422",53.86
2024-07-12,ICICIBANK,EQ,1238.45,1235.9,1252.9,1230.1,1234.5,1232.9,1238.33,12208290.0,15117865256.9,270991.0,"60,08,473",49.22
2024-07-15,ICICIBANK,EQ,1232.9,1233.1,1238.45,1224.05,1231.0,1229.95,1231.32,15612671.0,19224214819.8,425864.0,"76,08,509",48.73
2024-07-16,ICICIBANK,EQ,1229.95,1230.0,1245.0,1229.0,1238.65,1239.9,1239.36,12320605.0,15269644738.05,234578.0,"64,77,523",52.57
2024-07-17,ICICIBANK,EQ,1229.95,1230.0,1245.0,1229.0,1238.65,1239.9,1239.36,12320605.0,15269644738.05,234578.0,"64,77,523",52.57
2024-07-18,ICICIBANK,EQ,1239.9,1234.9,1256.45,1231.7,1248.85,1250.3,1246.19,10999632.0,13707637498.2,260080.0,"58,09,291",52.81
2024-07-19,ICICIBANK,EQ,1250.3,1244.0,1250.5,1240.25,1249.65,1248.65,1246.51,7958817.0,9920755411.1,166403.0,"46,67,555",58.65
2024-07-22,ICICIBANK,EQ,1248.65,1240.0,1245.3,1232.9,1243.0,1241.15,1239.95,9958965.0,12348652027.55,212302.0,"61,23,697",61.49
2024-07-23,ICICIBANK,EQ,1241.15,1241.15,1248.65,1212.5,1227.0,1226.75,1233.33,19369832.0,23889418788.45,334507.0,"80,90,724",41.77
2024-07-24,ICICIBANK,EQ,1226.75,1225.0,1233.65,1202.05,1226.6,1223.0,1217.43,20122521.0,24497689858.5,303947.0,"75,59,944",37.57
2024-07-25,ICICIBANK,EQ,1223.0,1205.5,1218.25,1190.6,1196.8,1197.9,1199.56,14154461.0,16979148793.5,288588.0,"78,79,760",55.67
2024-07-26,ICICIBANK,EQ,1197.9,1190.0,1220.0,1185.95,1217.0,1207.2,1201.61,19309265.0,23202284062.95,257813.0,"1,23,40,898",63.91
2024-07-29,ICICIBANK,EQ,1207.2,1215.15,1242.75,1204.15,1210.55,1212.7,1223.16,28458261.0,34809114390.95,465385.0,"88,96,090",31.26
2024-07-30,ICICIBANK,EQ,1212.7,1213.0,1230.85,1204.4,1206.75,1209.45,1216.09,23972277.0,29152365084.55,326807.0,"93,97,526",39.2
2024-07-31,ICICIBANK,EQ,1209.45,1219.0,1224.65,1211.0,1216.1,1214.9,1216.75,22297629.0,27130602886.6,278794.0,"1,18,48,714",53.14
2024-08-01,ICICIBANK,EQ,1214.9,1212.5,1222.65,1206.9,1208.45,1210.1,1213.22,8725046.0,10585369513.15,166589.0,"51,62,505",59.17
2024-08-02,ICICIBANK,EQ,1210.1,1197.0,1201.65,1190.1,1197.3,1196.55,1196.16,10735395.0,12841271847.1,267701.0,"66,15,453",61.62
2024-08-05,ICICIBANK,EQ,1196.55,1182.0,1188.9,1167.0,1171.85,1172.6,1173.69,14306771.0,16791669195.4,303083.0,"89,28,367",62.41
2024-08-06,ICICIBANK,EQ,1172.6,1175.0,1187.7,1161.5,1167.7,1166.85,1169.06,13575619.0,15870778423.2,269178.0,"61,42,127",45.24
2024-08-07,ICICIBANK,EQ,1166.85,1178.95,1179.8,1161.6,1173.5,1172.45,1170.37,15753644.0,18437524153.2,268848.0,"64,49,023",40.94
2024-08-08,ICICIBANK,EQ,1172.45,1166.95,1174.4,1158.9,1164.7,1164.6,1166.37,10806438.0,12604262739.9,240108.0,"57,92,396",53.6
2024-08-09,ICICIBANK,EQ,1164.6,1176.55,1180.95,1169.0,1170.95,1171.6,1173.65,8687307.0,10195833284.65,161291.0,"60,55,216",69.7
2024-08-12,ICICIBANK,EQ,1171.6,1171.0,1178.25,1156.0,1172.5,1172.8,1170.54,10860455.0,12712620911.4,206013.0,"56,48,835",52.01
2024-08-13,ICICIBANK,EQ,1172.8,1183.2,1189.25,1163.6,1170.45,1168.35,1172.48,13117927.0,15380495808.3,260022.0,"60,08,482",45.8
2024-08-14,ICICIBANK,EQ,1168.35,1167.0,1170.05,1153.0,1161.2,1161.65,1159.56,13431801.0,15575000780.5,232399.0,"71,07,910",52.92
2024-08-15,ICICIBANK,EQ,1168.35,1167.0,1170.05,1153.0,1161.2,1161.65,1159.56,13431801.0,15575000780.5,232399.0,"71,07,910",52.92
2024-08-16,ICICIBANK,EQ,1161.65,1170.0,1193.0,1165.65,1188.5,1187.25,1181.45,10961370.0,12950302290.6,233289.0,"54,54,731",49.76
2024-08-19,ICICIBANK,EQ,1187.25,1191.0,1195.75,1173.3,1177.7,1175.9,1181.33,6686394.0,7898845446.25,123110.0,"30,30,789",45.33
2024-08-20,ICICIBANK,EQ,1175.9,1174.2,1189.8,1170.0,1177.3,1179.45,1181.26,10427061.0,12317105974.95,179266.0,"49,19,341",47.18
2024-08-21,ICICIBANK,EQ,1179.45,1177.0,1178.65,1165.1,1175.65,1174.85,1172.27,17234142.0,20203111541.65,232318.0,"82,63,320",47.95
2024-08-22,ICICIBANK,EQ,1174.85,1182.0,1192.6,1176.6,1190.85,1191.1,1187.45,8564142.0,10169462494.05,248029.0,"54,12,334",63.2
2024-08-23,ICICIBANK,EQ,1191.1,1193.0,1205.0,1188.55,1204.6,1203.5,1199.93,7518309.0,9021422625.6,173481.0,"47,57,508",63.28
2024-08-26,ICICIBANK,EQ,1203.5,1205.55,1214.95,1201.05,1213.8,1213.3,1211.0,10920226.0,13224400323.25,149344.0,"77,50,510",70.97
2024-08-27,ICICIBANK,EQ,1213.3,1213.3,1232.5,1208.9,1221.4,1226.35,1222.91,16295325.0,19927790422.65,196362.0,"91,62,721",56.23
2024-08-28,ICICIBANK,EQ,1226.35,1222.65,1226.4,1217.3,1221.0,1223.85,1223.2,12291305.0,15034780643.15,189822.0,"60,70,412",49.39
2024-08-29,ICICIBANK,EQ,1223.85,1218.95,1235.0,1217.0,1222.75,1221.9,1225.43,10806748.0,13242885244.55,234393.0,"59,98,619",55.51
2024-08-30,ICICIBANK,EQ,1221.9,1230.0,1235.55,1218.9,1232.0,1229.2,1228.19,21211148.0,26051302724.15,280420.0,"1,30,86,144",61.69
2024-09-02,ICICIBANK,EQ,1229.2,1239.0,1239.2,1222.5,1229.05,1229.95,1229.7,12516759.0,15391898359.8,303615.0,"81,25,381",64.92
2024-09-03,ICICIBANK,EQ,1229.95,1227.2,1250.95,1220.4,1247.0,1247.7,1236.45,19114907.0,23634702771.55,241160.0,"1,13,69,194",59.48
2024-09-04,ICICIBANK,EQ,1247.7,1239.85,1243.7,1232.8,1234.8,1236.35,1237.93,13505843.0,16719275265.8,239189.0,"81,81,463",60.58
2024-09-05,ICICIBANK,EQ,1236.35,1238.0,1244.85,1231.3,1235.35,1235.95,1235.75,9142811.0,11298202305.6,160981.0,"60,36,567",66.03
2024-09-06,ICICIBANK,EQ,1235.95,1225.95,1233.9,1205.0,1209.45,1208.15,1217.46,10170479.0,12382167972.95,347361.0,"53,77,433",52.87
2024-09-09,ICICIBANK,EQ,1208.15,1202.9,1238.3,1200.45,1233.45,1235.0,1225.45,13863250.0,16988666399.95,241629.0,"90,68,199",65.41
2024-09-10,ICICIBANK,EQ,1235.0,1236.95,1241.35,1227.0,1237.7,1237.3,1235.85,15545130.0,19211436678.4,323300.0,"94,22,327",60.61
2024-09-11,ICICIBANK,EQ,1237.3,1231.5,1239.3,1226.4,1238.0,1236.35,1234.69,11993242.0,14807986266.1,183989.0,"52,49,210",43.77
2024-09-12,ICICIBANK,EQ,1236.35,1238.0,1257.0,1226.35,1246.0,1252.15,1243.23,15376442.0,19116492463.75,211567.0,"89,28,331",58.06
2024-09-13,ICICIBANK,EQ,1252.15,1252.0,1255.95,1242.05,1248.5,1250.35,1249.5,9877288.0,12341663943.3,268203.0,"67,46,373",68.3
2024-09-16,ICICIBANK,EQ,1250.35,1251.0,1265.6,1244.7,1263.9,1262.85,1257.5,8973335.0,11284007408.7,165577.0,"64,15,744",71.5
2024-09-17,ICICIBANK,EQ,1262.85,1259.95,1272.25,1258.4,1266.2,1268.1,1267.18,11513121.0,14589189437.25,204010.0,"65,96,446",57.3
2024-09-18,ICICIBANK,EQ,1268.1,1262.0,1295.35,1262.0,1285.6,1288.35,1286.46,12466597.0,16037767362.2,240630.0,"61,57,977",49.4
2024-09-19,ICICIBANK,EQ,1288.35,1288.35,1300.0,1285.35,1292.6,1292.0,1293.4,13172268.0,17036955554.9,210277.0,"83,51,796",63.4
2024-09-20,ICICIBANK,EQ,1292.0,1295.0,1362.35,1291.55,1349.8,1338.45,1331.38,73257767.0,97533734303.1,544641.0,"4,42,37,266",60.39
2024-09-23,ICICIBANK,EQ,1338.45,1331.0,1331.8,1308.5,1322.0,1321.9,1320.13,11380409.0,15023616031.4,309380.0,"59,27,910",52.09
2024-09-24,ICICIBANK,EQ,1321.9,1321.0,1331.4,1315.45,1320.0,1318.6,1320.74,13886037.0,18339847790.4,250464.0,"86,91,426",62.59
2024-09-25,ICICIBANK,EQ,1318.6,1310.75,1327.75,1310.1,1326.0,1323.85,1322.81,8728019.0,11545532561.7,174582.0,"42,83,291",49.08
2024-09-26,ICICIBANK,EQ,1323.85,1320.0,1333.35,1316.9,1325.45,1329.05,1326.63,11100869.0,14726692627.25,278312.0,"66,23,851",59.67
2024-09-27,ICICIBANK,EQ,1329.05,1333.0,1333.0,1303.85,1306.5,1306.6,1312.54,17117379.0,22467183500.85,289431.0,"1,25,10,425",73.09
2024-09-30,ICICIBANK,EQ,1306.6,1292.1,1296.8,1270.9,1273.95,1273.0,1278.52,12622212.0,16137780831.8,240013.0,"85,13,213",67.45
2024-10-01,ICICIBANK,EQ,1273.0,1269.8,1280.25,1267.6,1277.0,1274.4,1274.08,10972413.0,13979758159.0,191587.0,"67,91,453",61.9
2024-10-02,ICICIBANK,EQ,1273.0,1269.8,1280.25,1267.6,1277.0,1274.4,1274.08,10972413.0,13979758159.0,191587.0,"67,91,453",61.9
2024-10-03,ICICIBANK,EQ,1274.4,1253.6,1265.75,1248.15,1257.85,1256.35,1253.97,17648551.0,22130753423.9,337808.0,"1,38,13,366",78.27
2024-10-04,ICICIBANK,EQ,1256.35,1247.1,1264.4,1236.2,1240.95,1239.75,1248.43,13488887.0,16839882681.7,326830.0,"63,70,212",47.23
2024-10-07,ICICIBANK,EQ,1239.75,1241.55,1262.95,1225.0,1236.0,1233.9,1242.75,20667247.0,25684216795.9,439173.0,"87,01,660",42.1
2024-10-08,ICICIBANK,EQ,1233.9,1241.0,1247.8,1229.75,1236.7,1236.6,1238.7,12219259.0,15135972486.95,257858.0,"80,00,568",65.48
2024-10-09,ICICIBANK,EQ,1236.6,1243.05,1265.1,1232.65,1247.2,1244.15,1246.69,14765997.0,18408662575.6,260234.0,"50,44,864",34.17
2024-10-10,ICICIBANK,EQ,1244.15,1246.75,1254.7,1238.0,1244.0,1243.5,1244.67,9118195.0,11349142276.1,265371.0,"43,26,130",47.45
2024-10-11,ICICIBANK,EQ,1243.5,1237.0,1240.8,1222.0,1223.3,1223.0,1228.1,8472512.0,10405084855.95,284576.0,"51,41,282",60.68
2024-10-14,ICICIBANK,EQ,1223.0,1221.0,1237.9,1217.4,1234.2,1231.75,1232.07,11833929.0,14580270211.55,230853.0,"88,12,918",74.47
2024-10-15,ICICIBANK,EQ,1231.75,1238.95,1258.3,1235.4,1256.0,1255.5,1251.17,11657338.0,14585323470.45,216309.0,"77,61,367",66.58
2024-10-16,ICICIBANK,EQ,1255.5,1248.5,1254.95,1241.6,1245.0,1243.15,1247.54,7869727.0,9817809931.2,207420.0,"49,23,400",62.56
2024-10-17,ICICIBANK,EQ,1243.15,1249.45,1256.95,1224.4,1232.0,1231.25,1235.01,8459497.0,10447582321.9,160363.0,"55,49,943",65.61
2024-10-18,ICICIBANK,EQ,1231.25,1227.95,1268.9,1225.25,1267.0,1264.5,1256.38,11018126.0,13842929408.2,229878.0,"69,02,716",62.65
2024-10-21,ICICIBANK,EQ,1264.5,1264.5,1272.35,1250.55,1257.55,1259.05,1260.14,7742775.0,9756942032.15,155332.0,"45,67,006",58.98
2024-10-22,ICICIBANK,EQ,1259.05,1266.6,1284.9,1259.75,1268.35,1267.5,1273.05,20090801.0,25576570325.35,408613.0,"97,03,216",48.3
2024-10-23,ICICIBANK,EQ,1267.5,1261.0,1267.95,1243.05,1253.5,1251.6,1251.59,14055447.0,17591629567.8,319605.0,"82,71,068",58.85
2024-10-24,ICICIBANK,EQ,1251.6,1250.25,1260.45,1241.05,1254.7,1252.75,1252.73,12223031.0,15312132847.55,313840.0,"89,17,637",72.96
2024-10-25,ICICIBANK,EQ,1252.75,1247.25,1268.9,1234.2,1259.6,1255.45,1250.04,13546055.0,16933102486.65,370555.0,"75,06,753",55.42
2024-10-28,ICICIBANK,EQ,1255.45,1285.5,1307.8,1280.6,1294.4,1292.85,1296.93,24096412.0,31251379929.3,619071.0,"1,40,32,225",58.23
2024-10-29,ICICIBANK,EQ,1292.85,1301.35,1335.35,1299.25,1331.65,1331.85,1321.25,20656117.0,27291948603.05,436897.0,"1,19,09,218",57.65
2024-10-30,ICICIBANK,EQ,1331.85,1324.0,1330.9,1305.6,1313.0,1312.15,1312.8,15055031.0,19764232516.2,285240.0,"81,89,838",54.4
2024-10-31,ICICIBANK,EQ,1312.15,1307.25,1318.95,1288.55,1294.8,1292.25,1296.28,23497314.0,30459066088.4,250950.0,"1,79,37,069",76.34
2024-11-01,ICICIBANK,EQ,1292.25,1289.95,1296.2,1286.25,1291.9,1291.8,1292.11,1007022.0,1301180367.65,40161.0,"3,40,097",33.77
2024-11-04,ICICIBANK,EQ,1291.8,1290.1,1291.8,1270.05,1275.4,1277.2,1276.5,14309121.0,18265649923.8,268956.0,"92,68,857",64.78
2024-11-05,ICICIBANK,EQ,1277.2,1273.0,1301.3,1263.1,1291.6,1296.7,1284.33,16431920.0,21104080468.9,262702.0,"83,53,299",50.84
2024-11-06,ICICIBANK,EQ,1296.7,1300.25,1315.0,1292.7,1305.0,1302.35,1306.97,12037405.0,15732582044.35,201411.0,"73,56,098",61.11
2024-11-07,ICICIBANK,EQ,1302.35,1297.15,1302.8,1275.25,1279.75,1278.7,1282.48,9909035.0,12708118911.4,185720.0,"70,49,271",71.14
2024-11-08,ICICIBANK,EQ,1278.7,1270.0,1275.0,1252.7,1259.0,1258.85,1260.33,11195808.0,14110419237.85,233807.0,"78,81,177",70.39
2024-11-11,ICICIBANK,EQ,1258.85,1262.0,1275.9,1246.65,1268.65,1269.3,1266.04,8387780.0,10619276125.0,193310.0,"44,38,244",52.91
2024-11-12,ICICIBANK,EQ,1269.3,1276.15,1295.0,1264.5,1269.0,1270.6,1276.01,13486168.0,17208486809.7,251685.0,"58,42,950",43.33
2024-11-13,ICICIBANK,EQ,1270.6,1270.6,1276.25,1250.0,1258.0,1253.7,1261.05,12260404.0,15460965858.0,258070.0,"55,57,092",45.33
2024-11-14,ICICIBANK,EQ,1253.7,1253.75,1267.7,1243.05,1258.95,1256.95,1255.26,9506892.0,11933598279.7,224597.0,"53,10,528",55.86
2024-11-15,ICICIBANK,EQ,1253.7,1253.75,1267.7,1243.05,1258.95,1256.95,1255.26,9506892.0,11933598279.7,224597.0,"53,10,528",55.86
2024-11-18,ICICIBANK,EQ,1256.95,1260.0,1262.6,1249.4,1252.25,1253.45,1254.62,6195554.0,7773053428.25,204301.0,"37,75,521",60.94
2024-11-19,ICICIBANK,EQ,1253.45,1257.05,1261.0,1240.85,1244.0,1249.1,1251.54,11537317.0,14439401407.2,233269.0,"70,49,513",61.1
2024-11-20,ICICIBANK,EQ,1253.45,1257.05,1261.0,1240.85,1244.0,1249.1,1251.54,11537317.0,14439401407.2,233269.0,"70,49,513",61.1
2024-11-21,ICICIBANK,EQ,1249.1,1248.55,1256.9,1232.55,1255.85,1250.55,1247.38,9593870.0,11967189179.0,209109.0,"48,62,632",50.68
2024-11-22,ICICIBANK,EQ,1250.55,1258.0,1281.4,1256.0,1278.0,1278.05,1275.03,11604338.0,14795857555.95,214688.0,"68,44,834",58.99
2024-11-25,ICICIBANK,EQ,1278.05,1296.0,1311.2,1290.0,1303.0,1300.95,1302.41,22717581.0,29587514842.45,205883.0,"1,65,20,496",72.72
2024-11-26,ICICIBANK,EQ,1300.95,1310.6,1314.25,1302.45,1304.8,1304.95,1306.1,7646955.0,9987688168.25,164865.0,"43,96,342",57.49
2024-11-27,ICICIBANK,EQ,1304.95,1298.5,1310.85,1297.85,1301.25,1300.7,1302.15,21938082.0,28566603156.6,222370.0,"1,67,17,483",76.2
2024-11-28,ICICIBANK,EQ,1300.7,1301.05,1310.5,1282.3,1287.5,1286.35,1292.68,22803745.0,29477962300.3,275436.0,"1,76,93,973",77.59
2024-11-29,ICICIBANK,EQ,1286.35,1283.1,1303.25,1283.1,1298.7,1300.1,1296.93,11397228.0,14781429160.6,242391.0,"78,15,536",68.57
2024-12-02,ICICIBANK,EQ,1300.1,1299.9,1310.55,1289.15,1303.45,1304.65,1303.46,9626400.0,12547591627.65,225242.0,"72,81,438",75.64
2024-12-03,ICICIBANK,EQ,1304.65,1303.95,1312.8,1296.1,1306.75,1308.4,1306.89,11509276.0,15041301418.2,235915.0,"86,93,306",75.53
2024-12-04,ICICIBANK,EQ,1308.4,1302.6,1320.0,1301.7,1315.6,1316.05,1313.28,11570281.0,15195002837.45,247575.0,"75,17,045",64.97
2024-12-05,ICICIBANK,EQ,1316.05,1316.25,1342.9,1308.6,1336.55,1336.5,1329.38,19210697.0,25538293421.05,281891.0,"1,21,63,323",63.32
2024-12-06,ICICIBANK,EQ,1336.5,1342.5,1347.1,1326.7,1329.0,1328.75,1334.62,8942672.0,11935098947.85,208546.0,"56,23,078",62.88
2024-12-09,ICICIBANK,EQ,1328.75,1322.1,1329.05,1320.25,1323.5,1322.3,1323.57,8000764.0,10589599383.15,148025.0,"56,50,135",70.62
2024-12-10,ICICIBANK,EQ,1322.3,1319.0,1332.0,1315.25,1331.35,1330.45,1327.71,8218214.0,10911393630.45,157320.0,"57,74,561",70.27
2024-12-11,ICICIBANK,EQ,1330.45,1324.7,1331.25,1316.0,1328.0,1327.5,1325.69,8138066.0,10788513650.25,177570.0,"44,05,607",54.14
2024-12-12,ICICIBANK,EQ,1327.5,1321.55,1338.75,1321.55,1330.6,1329.25,1330.74,9076896.0,12079025779.5,189489.0,"46,08,892",50.78
2024-12-13,ICICIBANK,EQ,1329.25,1325.35,1347.15,1313.5,1345.45,1344.9,1334.68,13536684.0,18067155840.1,226965.0,"88,05,261",65.05
2024-12-16,ICICIBANK,EQ,1344.9,1344.9,1350.45,1340.05,1343.6,1346.1,1345.53,9071006.0,12205296470.75,237730.0,"60,71,850",66.94
2024-12-17,ICICIBANK,EQ,1346.1,1342.0,1348.1,1326.05,1334.0,1333.75,1333.43,9879257.0,13173306009.95,208644.0,"59,38,122",60.11
2024-12-18,ICICIBANK,EQ,1333.75,1325.25,1334.95,1307.45,1316.9,1314.15,1316.49,8510595.0,11204088446.2,197721.0,"51,90,721",60.99
2024-12-19,ICICIBANK,EQ,1314.15,1286.0,1303.0,1284.45,1289.5,1286.9,1290.73,11517304.0,14865736643.05,241978.0,"72,57,591",63.01
2024-12-20,ICICIBANK,EQ,1286.9,1283.95,1297.75,1272.4,1292.0,1288.4,1287.83,58491181.0,75326711266.25,287315.0,"4,09,10,784",69.94
2024-12-23,ICICIBANK,EQ,1288.4,1294.65,1307.0,1287.05,1297.35,1296.8,1295.12,6827512.0,8842449619.05,208282.0,"40,51,955",59.35
2024-12-24,ICICIBANK,EQ,1296.8,1296.8,1304.5,1290.25,1298.95,1297.25,1295.88,7138516.0,9250648957.45,125187.0,"29,37,569",41.15
2024-12-25,ICICIBANK,EQ,1296.8,1296.8,1304.5,1290.25,1298.95,1297.25,1295.88,7138516.0,9250648957.45,125187.0,"29,37,569",41.15
2024-12-26,ICICIBANK,EQ,1297.25,1307.0,1312.75,1289.2,1297.0,1297.35,1296.86,7338444.0,9516953866.75,191694.0,"45,19,925",61.59
2024-12-27,ICICIBANK,EQ,1297.35,1298.55,1315.95,1298.55,1307.55,1307.55,1306.98,4756066.0,6216064274.2,109355.0,"26,08,276",54.84
2024-12-30,ICICIBANK,EQ,1307.55,1304.95,1326.5,1289.45,1293.45,1294.65,1303.69,14207425.0,18522089560.05,258242.0,"79,53,292",55.98
2024-12-31,ICICIBANK,EQ,1294.65,1286.9,1289.95,1280.1,1283.5,1281.65,1282.67,8449607.0,10838026946.5,147036.0,"56,20,362",66.52
2025-01-01,ICICIBANK,EQ,1281.65,1281.65,1293.0,1267.1,1283.85,1283.65,1283.92,4705399.0,6041347562.15,152286.0,"25,65,278",54.52
2025-01-02,ICICIBANK,EQ,1283.65,1285.1,1293.4,1278.4,1291.0,1290.6,1288.34,7433222.0,9576523020.85,289378.0,"46,05,861",61.96
2025-01-03,ICICIBANK,EQ,1290.6,1286.2,1288.0,1262.25,1265.6,1265.05,1269.4,11194997.0,14210918649.7,219218.0,"73,16,000",65.35
2025-01-06,ICICIBANK,EQ,1265.05,1268.05,1277.75,1257.0,1266.0,1264.1,1265.34,7504047.0,9495149142.2,236168.0,"44,80,448",59.71
2025-01-07,ICICIBANK,EQ,1264.1,1266.5,1288.95,1266.5,1280.6,1279.25,1280.35,7539758.0,9653565084.15,153173.0,"41,47,624",55.01
2025-01-08,ICICIBANK,EQ,1279.25,1280.55,1285.0,1252.35,1265.0,1263.75,1264.7,7566309.0,9569113937.25,186833.0,"47,48,418",62.76
2025-01-09,ICICIBANK,EQ,1263.75,1258.0,1264.75,1248.1,1263.5,1262.4,1257.24,8684920.0,10919031736.8,161005.0,"53,42,972",61.52
2025-01-10,ICICIBANK,EQ,1262.4,1259.0,1264.95,1243.1,1251.35,1249.85,1250.93,7854524.0,9825430299.9,228905.0,"56,35,376",71.75
2025-01-13,ICICIBANK,EQ,1249.85,1234.9,1243.95,1224.9,1230.9,1229.75,1232.97,9669336.0,11922019625.6,204083.0,"70,95,479",73.38
2025-01-14,ICICIBANK,EQ,1229.75,1233.35,1244.85,1227.45,1242.95,1240.3,1236.06,10342698.0,12784218741.0,210917.0,"66,54,720",64.34
2025-01-15,ICICIBANK,EQ,1240.3,1234.0,1244.4,1230.0,1238.9,1238.25,1237.19,5355382.0,6625607806.6,133555.0,"31,58,847",58.98
2025-01-16,ICICIBANK,EQ,1238.25,1245.1,1255.5,1239.65,1252.95,1249.1,1247.22,11895924.0,14836843996.05,181488.0,"65,51,666",55.07
2025-01-17,ICICIBANK,EQ,1249.1,1243.35,1249.0,1218.0,1225.15,1225.45,1226.59,9790533.0,12008937114.35,157327.0,"65,22,583",66.62
2025-01-20,ICICIBANK,EQ,1225.45,1223.9,1241.75,1215.25,1232.55,1232.95,1229.43,7676418.0,9437603015.1,240948.0,"52,50,077",68.39
2025-01-21,ICICIBANK,EQ,1232.95,1236.95,1238.95,1192.7,1197.95,1196.15,1207.07,20520898.0,24770261514.45,297691.0,"1,25,18,909",61.01
2025-01-22,ICICIBANK,EQ,1196.15,1201.0,1207.5,1191.8,1198.6,1200.45,1199.65,10377123.0,12448945781.3,269148.0,"69,84,683",67.31
2025-01-23,ICICIBANK,EQ,1200.45,1197.25,1207.9,1186.0,1202.4,1201.75,1201.27,8770650.0,10535875098.8,211991.0,"49,99,956",57.01
2025-01-24,ICICIBANK,EQ,1201.75,1203.1,1218.0,1202.0,1213.7,1209.2,1209.19,9216792.0,11144844611.2,221872.0,"59,75,238",64.83
2025-01-27,ICICIBANK,EQ,1209.2,1195.0,1234.65,1193.1,1225.25,1227.95,1224.23,16164687.0,19789327544.65,324795.0,"86,28,844",53.38
2025-01-28,ICICIBANK,EQ,1227.95,1247.35,1264.0,1236.0,1247.5,1246.9,1252.87,18066499.0,22634905165.95,356462.0,"96,42,421",53.37
2025-01-29,ICICIBANK,EQ,1246.9,1252.0,1255.8,1243.05,1251.4,1251.65,1249.62,7666777.0,9580525136.65,219085.0,"48,09,292",62.73
2025-01-30,ICICIBANK,EQ,1251.65,1250.0,1259.85,1239.5,1258.55,1255.6,1250.26,11921041.0,14904352647.05,331765.0,"58,32,933",48.93
2025-01-31,ICICIBANK,EQ,1255.6,1254.5,1256.0,1239.1,1252.95,1252.8,1247.43,10195417.0,12718079791.9,209906.0,"71,97,902",70.6
2025-02-03,ICICIBANK,EQ,1255.55,1246.85,1260.0,1237.8,1252.95,1253.0,1250.06,6176831.0,7721438599.85,165087.0,"37,59,034",60.86
2025-02-04,ICICIBANK,EQ,1253.0,1262.8,1280.5,1260.0,1266.75,1268.2,1270.45,14839077.0,18852369674.65,259371.0,"1,04,33,968",70.31
2025-02-05,ICICIBANK,EQ,1268.2,1270.2,1277.75,1265.15,1268.2,1267.7,1270.65,6840709.0,8692168613.1,183398.0,"48,79,392",71.33
2025-02-06,ICICIBANK,EQ,1267.7,1275.0,1279.0,1263.2,1272.0,1272.4,1270.57,8396554.0,10668440486.05,226596.0,"40,00,579",47.65
2025-02-07,ICICIBANK,EQ,1272.4,1272.0,1275.0,1249.55,1257.0,1256.9,1258.99,7382039.0,9293877445.05,191355.0,"46,63,416",63.17
2025-02-10,ICICIBANK,EQ,1256.9,1257.2,1265.0,1249.35,1259.6,1262.6,1257.56,5740361.0,7218836541.2,180650.0,"38,47,424",67.02
2025-02-11,ICICIBANK,EQ,1262.6,1255.85,1261.85,1248.4,1248.55,1252.75,1254.67,6586627.0,8264043638.7,174408.0,"36,48,485",55.39
2025-02-12,ICICIBANK,EQ,1252.75,1257.2,1269.75,1244.65,1252.85,1251.8,1252.33,8809352.0,11032200057.65,320587.0,"60,44,738",68.62
2025-02-13,ICICIBANK,EQ,1251.8,1252.55,1266.0,1245.9,1248.5,1248.9,1254.61,7263785.0,9113247793.4,261567.0,"47,45,078",65.33
2025-02-14,ICICIBANK,EQ,1248.9,1252.1,1263.5,1244.45,1259.0,1260.1,1254.48,10368438.0,13006959974.75,289728.0,"79,71,893",76.89
2025-02-17,ICICIBANK,EQ,1260.1,1251.15,1258.15,1233.25,1251.65,1251.15,1244.89,8386151.0,10439844806.35,294062.0,"53,24,814",63.5
2025-02-18,ICICIBANK,EQ,1251.15,1252.9,1257.6,1237.05,1242.55,1243.05,1242.37,8135042.0,10106708536.6,257996.0,"56,87,676",69.92
2025-02-19,ICICIBANK,EQ,1243.05,1234.85,1264.45,1230.25,1261.5,1261.65,1253.91,10683412.0,13396072372.5,164771.0,"74,77,934",70.0
2025-02-20,ICICIBANK,EQ,1261.65,1255.35,1264.0,1246.75,1248.15,1249.95,1252.3,8398849.0,10517847931.9,204041.0,"61,74,805",73.52
2025-02-21,ICICIBANK,EQ,1249.95,1241.1,1244.7,1224.55,1232.0,1232.95,1233.19,7786428.0,9602112287.65,178759.0,"54,72,721",70.29
2025-02-24,ICICIBANK,EQ,1232.95,1226.7,1231.9,1210.25,1219.7,1218.35,1217.57,11522480.0,14029388111.95,206398.0,"90,47,110",78.52
2025-02-25,ICICIBANK,EQ,1218.35,1226.6,1231.65,1221.0,1225.8,1224.15,1225.0,11059417.0,13547735420.8,199168.0,"65,66,578",59.38
2025-02-26,ICICIBANK,EQ,1218.35,1226.6,1231.65,1221.0,1225.8,1224.15,1225.0,11059417.0,13547735420.8,199168.0,"65,66,578",59.38
2025-02-27,ICICIBANK,EQ,1224.15,1225.15,1234.85,1218.45,1220.0,1222.45,1226.56,12008162.0,14728753125.0,234248.0,"79,67,265",66.35
2025-02-28,ICICIBANK,EQ,1222.45,1216.0,1225.0,1200.1,1201.1,1204.1,1208.91,20215075.0,24438200772.65,268866.0,"1,45,61,465",72.03
2025-03-03,ICICIBANK,EQ,1204.1,1210.5,1217.0,1204.15,1208.7,1206.2,1209.49,8158881.0,9868073967.35,208311.0,"53,09,533",65.08
2025-03-04,ICICIBANK,EQ,1206.2,1207.15,1216.65,1206.25,1212.8,1210.4,1210.78,9574490.0,11592601922.9,169550.0,"64,12,051",66.97
2025-03-05,ICICIBANK,EQ,1210.4,1217.0,1225.95,1211.3,1215.0,1215.7,1216.73,9052846.0,11014865217.65,199811.0,"63,65,861",70.32
2025-03-06,ICICIBANK,EQ,1215.7,1227.95,1227.95,1209.0,1219.8,1218.05,1217.04,11949475.0,14543033343.2,250155.0,"76,20,093",63.77
2025-03-07,ICICIBANK,EQ,1218.05,1211.1,1217.85,1206.3,1213.4,1214.55,1213.63,6620284.0,8034543520.35,118643.0,"43,45,177",65.63
2025-03-10,ICICIBANK,EQ,1214.55,1208.0,1225.8,1208.0,1212.9,1214.85,1218.5,7363437.0,8972340771.15,152261.0,"49,88,564",67.75
2025-03-11,ICICIBANK,EQ,1214.85,1217.2,1248.0,1217.2,1244.15,1245.4,1238.81,10927950.0,13537605281.45,238907.0,"64,76,305",59.26
2025-03-12,ICICIBANK,EQ,1245.4,1246.95,1251.95,1235.3,1244.45,1243.95,1243.37,11548372.0,14358854881.85,197340.0,"87,66,966",75.92
2025-03-13,ICICIBANK,EQ,1243.95,1251.05,1255.6,1245.3,1248.65,1250.05,1250.96,8132940.0,10173984588.65,190526.0,"51,69,165",63.56
2025-03-14,ICICIBANK,EQ,1243.95,1251.05,1255.6,1245.3,1248.65,1250.05,1250.96,8132940.0,10173984588.65,190526.0,"51,69,165",63.56
2025-03-17,ICICIBANK,EQ,1250.05,1257.05,1273.95,1254.75,1268.65,1269.0,1267.47,11164882.0,14151149490.55,226414.0,"76,29,505",68.33
2025-03-18,ICICIBANK,EQ,1269.0,1285.5,1313.85,1280.65,1311.5,1309.85,1299.54,15645427.0,20331886817.15,337230.0,"98,19,575",62.76
2025-03-19,ICICIBANK,EQ,1309.85,1305.6,1318.3,1302.15,1316.0,1313.1,1311.61,11278014.0,14792332058.7,244205.0,"81,48,226",72.25
2025-03-20,ICICIBANK,EQ,1313.1,1320.0,1324.25,1311.05,1318.55,1321.7,1319.08,10886735.0,14360481637.45,252535.0,"86,48,648",79.44
2025-03-21,ICICIBANK,EQ,1321.7,1316.0,1349.0,1311.6,1337.95,1343.1,1341.59,60494318.0,81158565386.5,344744.0,"4,91,06,116",81.17
2025-03-24,ICICIBANK,EQ,1343.1,1355.95,1373.0,1345.05,1361.2,1358.15,1358.95,9352280.0,12709278600.9,203054.0,"62,62,107",66.96
2025-03-25,ICICIBANK,EQ,1358.15,1359.0,1363.8,1330.05,1341.95,1343.7,1345.81,16419207.0,22097082282.1,326362.0,"96,62,194",58.85
2025-03-26,ICICIBANK,EQ,1343.7,1344.05,1358.0,1331.5,1335.45,1335.9,1341.51,10859639.0,14568352861.7,197579.0,"63,86,435",58.81
2025-03-27,ICICIBANK,EQ,1335.9,1333.15,1351.5,1333.15,1339.0,1336.65,1340.7,15109614.0,20257403852.9,187305.0,"97,79,521",64.72
2025-03-28,ICICIBANK,EQ,1336.65,1336.0,1357.95,1327.2,1348.0,1348.35,1345.9,8266544.0,11125900933.9,142133.0,"54,24,044",65.61
2025-03-31,ICICIBANK,EQ,1336.65,1336.0,1357.95,1327.2,1348.0,1348.35,1345.9,8266544.0,11125900933.9,142133.0,"54,24,044",65.61
2025-04-01,ICICIBANK,EQ,1348.35,1340.0,1352.35,1315.4,1318.15,1318.45,1326.83,14288024.0,18957734985.95,206118.0,"97,51,637",68.25
2025-04-02,ICICIBANK,EQ,1318.45,1322.15,1337.95,1322.15,1330.85,1331.25,1330.74,8042214.0,10702134959.6,127734.0,"58,47,254",72.71
2025-04-03,ICICIBANK,EQ,1331.25,1321.95,1333.0,1321.25,1328.95,1329.55,1328.6,4591008.0,6099629464.8,127085.0,"29,00,720",63.18
2025-04-04,ICICIBANK,EQ,1329.55,1329.55,1338.55,1322.1,1335.0,1335.3,1331.6,8648542.0,11516414124.3,166068.0,"57,68,811",66.7
2025-04-07,ICICIBANK,EQ,1335.3,1295.25,1325.0,1265.0,1294.1,1287.55,1290.47,19185012.0,24757611797.9,515573.0,"1,20,55,212",62.84
2025-04-08,ICICIBANK,EQ,1287.55,1299.85,1310.05,1287.35,1300.05,1299.9,1298.35,13085762.0,16989934735.7,171223.0,"62,42,577",47.71
2025-04-09,ICICIBANK,EQ,1299.9,1304.95,1305.1,1284.5,1304.0,1300.8,1296.12,13005622.0,16856903289.7,237174.0,"87,58,800",67.35
2025-04-10,ICICIBANK,EQ,1299.9,1304.95,1305.1,1284.5,1304.0,1300.8,1296.12,13005622.0,16856903289.7,237174.0,"87,58,800",67.35
2025-04-11,ICICIBANK,EQ,1300.8,1305.1,1325.0,1305.1,1312.05,1311.65,1314.61,13064247.0,17174325317.9,224885.0,"88,23,752",67.54
2025-04-14,ICICIBANK,EQ,1300.8,1305.1,1325.0,1305.1,1312.05,1311.65,1314.61,13064247.0,17174325317.9,224885.0,"88,23,752",67.54
2025-04-15,ICICIBANK,EQ,1311.65,1351.0,1354.3,1336.2,1350.4,1350.2,1347.7,15202603.0,20488528370.7,222333.0,"1,05,76,959",69.57
2025-04-16,ICICIBANK,EQ,1350.2,1357.0,1359.7,1342.9,1358.0,1356.4,1350.44,14039073.0,18958940775.0,180990.0,"1,07,03,064",76.24
2025-04-17,ICICIBANK,EQ,1356.4,1362.0,1408.9,1360.1,1407.0,1406.7,1391.92,17490424.0,24345198635.1,294006.0,"1,02,91,194",58.84
2025-04-18,ICICIBANK,EQ,1356.4,1362.0,1408.9,1360.1,1407.0,1406.7,1391.92,17490424.0,24345198635.1,294006.0,"1,02,91,194",58.84
2025-04-21,ICICIBANK,EQ,1406.7,1436.0,1436.0,1404.7,1408.1,1409.8,1416.7,16882426.0,23917404930.6,291654.0,"88,26,072",52.28
2025-04-22,ICICIBANK,EQ,1409.8,1412.8,1418.8,1398.9,1414.0,1416.5,1410.65,16135274.0,22761177353.9,275616.0,"1,03,89,426",64.39
2025-04-23,ICICIBANK,EQ,1416.5,1429.0,1429.9,1411.3,1422.0,1424.4,1421.06,13990764.0,19881670203.6,220724.0,"1,10,54,767",79.01
2025-04-24,ICICIBANK,EQ,1424.4,1416.3,1421.2,1398.8,1401.0,1402.7,1407.84,15678099.0,22072210947.6,210098.0,"98,75,876",62.99
2025-04-25,ICICIBANK,EQ,1402.7,1410.0,1414.8,1388.4,1403.0,1404.8,1400.91,11705093.0,16397782261.9,234552.0,"69,67,494",59.53
2025-04-28,ICICIBANK,EQ,1404.8,1405.6,1435.0,1403.8,1428.0,1428.8,1427.33,10948561.0,15627194700.7,192819.0,"74,94,044",68.45
2025-04-29,ICICIBANK,EQ,1428.8,1428.8,1438.3,1422.6,1425.5,1429.8,1428.52,10786910.0,15409265024.5,223499.0,"63,92,864",59.27
2025-04-30,ICICIBANK,EQ,1429.8,1433.0,1433.7,1400.0,1424.3,1427.0,1427.91,14192027.0,20264976307.3,238248.0,"1,06,00,497",74.69
2025-05-01,ICICIBANK,EQ,1429.8,1433.0,1433.7,1400.0,1424.3,1427.0,1427.91,14192027.0,20264976307.3,238248.0,"1,06,00,497",74.69
2025-05-02,ICICIBANK,EQ,1427.0,1426.9,1446.6,1424.6,1429.0,1432.4,1436.51,10763492.0,15461819959.1,170242.0,"73,47,476",68.26
2025-05-05,ICICIBANK,EQ,1432.4,1440.0,1446.8,1426.0,1427.4,1429.4,1432.29,4565705.0,6539397953.4,115354.0,"29,52,560",64.67
2025-05-06,ICICIBANK,EQ,1429.4,1429.0,1433.7,1420.4,1430.0,1431.6,1428.23,6301690.0,9000265687.1,133476.0,"39,73,156",63.05
2025-05-07,ICICIBANK,EQ,1431.6,1425.0,1442.0,1421.0,1437.1,1435.4,1431.25,10480453.0,15000167610.7,166481.0,"76,71,334",73.2
2025-05-08,ICICIBANK,EQ,1435.4,1438.6,1448.9,1426.1,1427.3,1435.5,1439.49,15306490.0,22033510832.0,182407.0,"1,10,22,294",72.01
2025-05-09,ICICIBANK,EQ,1435.5,1415.2,1419.9,1387.0,1389.0,1388.9,1394.54,13491197.0,18814033148.0,248736.0,"98,14,195",72.75
2025-05-12,ICICIBANK,EQ,1388.9,1409.4,1453.0,1404.0,1451.5,1448.5,1436.69,9925445.0,14259837185.1,180758.0,"66,50,816",67.01
2025-05-13,ICICIBANK,EQ,1448.5,1440.1,1447.9,1427.4,1430.8,1430.6,1432.31,12475424.0,17868617217.5,209013.0,"76,83,857",61.59
2025-05-14,ICICIBANK,EQ,1430.6,1429.9,1440.7,1417.3,1427.4,1426.2,1427.87,8026837.0,11461311035.0,143054.0,"57,21,715",71.28
2025-05-15,ICICIBANK,EQ,1426.2,1425.9,1456.5,1415.5,1451.0,1450.8,1438.96,18209264.0,26202383268.6,211899.0,"1,02,02,410",56.03
2025-05-16,ICICIBANK,EQ,1450.8,1453.3,1458.7,1447.0,1452.4,1454.0,1454.25,6439208.0,9364246054.9,145344.0,"45,16,729",70.14
2025-05-19,ICICIBANK,EQ,1454.0,1446.5,1459.7,1443.8,1447.0,1449.0,1451.29,6005334.0,8715502198.1,139810.0,"39,54,297",65.85
2025-05-20,ICICIBANK,EQ,1449.0,1450.2,1459.0,1435.5,1439.5,1438.2,1440.54,11352383.0,16353593402.1,128816.0,"80,54,354",70.95
2025-05-21,ICICIBANK,EQ,1438.2,1442.9,1451.3,1438.5,1445.4,1444.7,1445.11,5510460.0,7963242254.5,106396.0,"32,93,659",59.77
2025-05-22,ICICIBANK,EQ,1444.7,1441.1,1445.3,1427.8,1440.0,1442.1,1435.62,7245933.0,10402374075.4,147665.0,"41,14,985",56.79
2025-05-23,ICICIBANK,EQ,1442.1,1442.2,1451.8,1434.4,1450.5,1449.8,1446.83,5203706.0,7528852323.3,113699.0,"36,06,983",69.32
2025-05-26,ICICIBANK,EQ,1449.8,1458.0,1471.6,1455.0,1460.5,1460.6,1460.94,5608725.0,8193994503.7,189038.0,"38,92,907",69.41
2025-05-27,ICICIBANK,EQ,1460.6,1452.5,1463.0,1435.7,1445.3,1446.4,1445.59,14842959.0,21456811800.6,221484.0,"90,79,508",61.17
2025-05-28,ICICIBANK,EQ,1446.4,1447.6,1458.0,1442.5,1452.9,1453.8,1452.83,8618343.0,12521029815.6,135239.0,"60,94,510",70.72
2025-05-29,ICICIBANK,EQ,1453.8,1456.6,1462.9,1445.0,1461.0,1456.5,1452.26,15545514.0,22576188990.2,210205.0,"91,68,097",58.98
2025-05-30,ICICIBANK,EQ,1456.5,1459.9,1460.9,1444.3,1446.1,1445.8,1449.04,11803975.0,17104465533.3,155611.0,"92,43,942",78.31
2025-06-02,ICICIBANK,EQ,1445.8,1442.0,1460.0,1432.8,1447.7,1450.5,1442.4,9458990.0,13643623560.3,178241.0,"71,85,061",75.96
2025-06-03,ICICIBANK,EQ,1450.5,1454.9,1455.0,1432.0,1437.0,1437.9,1438.02,11167345.0,16058876541.3,225871.0,"78,83,352",70.59
2025-06-04,ICICIBANK,EQ,1437.9,1437.4,1440.1,1426.4,1431.1,1431.0,1430.63,8025388.0,11481343481.9,147312.0,"63,99,272",79.74
2025-06-05,ICICIBANK,EQ,1431.0,1430.9,1459.0,1427.3,1456.3,1454.8,1448.79,11385668.0,16495394104.4,176086.0,"74,90,464",65.79
2025-06-06,ICICIBANK,EQ,1454.8,1448.6,1461.4,1442.1,1460.0,1459.7,1455.63,11580994.0,16857621605.2,215279.0,"75,27,051",64.99
2025-06-09,ICICIBANK,EQ,1459.7,1465.0,1466.8,1433.4,1434.5,1434.8,1441.92,11022031.0,15892838386.7,337749.0,"83,11,411",75.41
2025-06-10,ICICIBANK,EQ,1434.8,1439.0,1441.7,1416.5,1421.8,1422.9,1422.89,12905272.0,18362844057.1,376346.0,"92,33,091",71.55
2025-06-11,ICICIBANK,EQ,1422.9,1421.8,1434.5,1418.6,1430.3,1431.0,1430.07,7136877.0,10206208002.7,234139.0,"52,13,787",73.05
2025-06-12,ICICIBANK,EQ,1431.0,1430.5,1436.5,1420.0,1424.5,1425.2,1425.62,7953247.0,11338280353.6,184161.0,"44,07,166",55.41
2025-06-13,ICICIBANK,EQ,1425.2,1403.6,1421.5,1403.6,1417.7,1416.1,1413.67,7573103.0,10705843818.3,188584.0,"54,09,567",71.43
2025-06-16,ICICIBANK,EQ,1416.1,1416.6,1429.0,1414.2,1427.9,1426.9,1423.44,5451137.0,7759340748.4,89237.0,"43,10,245",79.07
2025-06-17,ICICIBANK,EQ,1426.9,1426.9,1429.8,1417.8,1422.0,1423.2,1423.27,6970098.0,9920298395.0,193761.0,"43,84,261",62.9
2025-06-18,ICICIBANK,EQ,1423.2,1417.0,1432.0,1410.2,1413.0,1412.6,1415.55,6751745.0,9557444212.1,162388.0,"49,30,918",73.03
2025-06-19,ICICIBANK,EQ,1412.6,1408.0,1414.7,1404.7,1410.0,1411.3,1409.62,8849883.0,12474998015.5,342983.0,"60,10,461",67.92
2025-06-20,ICICIBANK,EQ,1411.3,1411.3,1433.3,1410.2,1426.4,1427.1,1426.55,12408178.0,17700887653.8,160865.0,"99,69,784",80.35
2025-06-23,ICICIBANK,EQ,1427.1,1417.0,1423.2,1411.9,1419.1,1420.1,1417.98,5514384.0,7819302210.2,160229.0,"41,93,235",76.04
2025-06-24,ICICIBANK,EQ,1420.1,1427.7,1435.9,1416.5,1424.0,1424.1,1425.61,11188438.0,15950352718.8,188014.0,"64,01,057",57.21
2025-06-25,ICICIBANK,EQ,1424.1,1422.0,1428.9,1415.3,1424.5,1425.8,1423.08,7527388.0,10712047350.9,147548.0,"54,01,581",71.76
2025-06-26,ICICIBANK,EQ,1425.8,1424.8,1447.5,1421.7,1440.0,1439.1,1436.85,13617435.0,19566210028.9,220490.0,"78,93,044",57.96
2025-06-27,ICICIBANK,EQ,1439.1,1438.9,1466.0,1437.1,1457.9,1462.2,1457.56,22532899.0,32843085618.2,217058.0,"1,88,74,040",83.76
2025-06-30,ICICIBANK,EQ,1462.2,1461.8,1461.9,1442.3,1449.0,1445.8,1449.97,6325073.0,9171182603.2,187773.0,"48,06,135",75.99
2025-07-01,ICICIBANK,EQ,1445.8,1445.7,1447.6,1429.6,1431.7,1432.0,1435.52,7761449.0,11141735649.7,185345.0,"57,16,616",73.65
2025-07-02,ICICIBANK,EQ,1432.0,1432.2,1451.0,1422.6,1427.8,1427.8,1430.58,13372280.0,19130157807.7,213176.0,"1,05,79,732",79.12
2025-07-03,ICICIBANK,EQ,1427.8,1432.1,1446.1,1423.7,1427.0,1425.9,1429.96,10177738.0,14553751194.8,181095.0,"64,08,115",62.96
2025-07-04,ICICIBANK,EQ,1425.9,1427.0,1444.4,1421.1,1443.0,1442.8,1433.52,5066503.0,7262913585.5,127265.0,"36,20,455",71.46
2025-07-07,ICICIBANK,EQ,1442.8,1437.0,1440.9,1429.6,1435.9,1435.7,1433.38,5177477.0,7421312203.1,127818.0,"37,43,907",72.31
2025-07-08,ICICIBANK,EQ,1435.7,1432.0,1445.0,1430.0,1443.0,1442.0,1440.56,5315847.0,7657790478.1,123124.0,"33,68,849",63.37
2025-07-09,ICICIBANK,EQ,1442.0,1436.2,1438.7,1426.6,1430.8,1431.9,1431.91,8827347.0,12639971093.5,120088.0,"69,24,214",78.44
2025-07-10,ICICIBANK,EQ,1431.9,1436.8,1439.0,1422.1,1424.0,1424.1,1426.47,7795964.0,11120735791.1,158233.0,"47,17,314",60.51
2025-07-11,ICICIBANK,EQ,1424.1,1422.0,1428.0,1414.6,1422.0,1421.9,1420.14,7158015.0,10165411225.4,154732.0,"57,38,193",80.16
2025-07-14,ICICIBANK,EQ,1421.9,1424.9,1424.9,1416.1,1421.9,1423.0,1421.21,5846154.0,8308587601.3,113668.0,"45,83,607",78.4
2025-07-15,ICICIBANK,EQ,1423.0,1421.1,1433.8,1419.0,1432.0,1430.8,1426.47,6041457.0,8617966324.9,175820.0,"38,07,070",63.02
2025-07-16,ICICIBANK,EQ,1430.8,1426.0,1429.2,1419.1,1425.9,1426.4,1425.18,5649093.0,8050995851.4,121488.0,"41,49,153",73.45
2025-07-17,ICICIBANK,EQ,1426.4,1421.0,1423.2,1409.5,1418.4,1418.7,1416.65,12927394.0,18313603998.4,234109.0,"83,38,800",64.5
2025-07-18,ICICIBANK,EQ,1418.7,1415.8,1429.0,1408.5,1426.7,1425.8,1418.92,11297246.0,16029882215.2,205005.0,"85,49,688",75.68
2025-07-21,ICICIBANK,EQ,1425.8,1448.0,1467.7,1437.0,1464.5,1465.8,1457.79,13867136.0,20215422421.3,232151.0,"82,15,574",59.24
2025-07-22,ICICIBANK,EQ,1465.8,1474.1,1482.0,1469.7,1471.6,1473.6,1474.9,8930165.0,13171093377.9,233507.0,"62,49,670",69.98
2025-07-23,ICICIBANK,EQ,1473.6,1482.9,1490.0,1472.6,1486.6,1488.6,1483.02,11974174.0,17757890209.5,184240.0,"1,00,69,740",84.1
2025-07-24,ICICIBANK,EQ,1488.6,1487.7,1488.7,1478.1,1480.9,1483.4,1484.44,6700578.0,9946614738.3,137503.0,"50,77,005",75.77
2025-07-25,ICICIBANK,EQ,1483.4,1500.0,1500.0,1473.6,1477.9,1477.1,1481.47,8696077.0,12883011018.6,193064.0,"62,64,138",72.03
2025-07-28,ICICIBANK,EQ,1477.1,1477.1,1493.8,1477.1,1488.0,1488.4,1487.05,7507479.0,11164017329.7,199416.0,"58,25,229",77.59
2025-07-29,ICICIBANK,EQ,1488.4,1479.9,1489.8,1475.4,1484.9,1486.2,1483.47,9776027.0,14502489122.8,230759.0,"72,99,615",74.67
2025-07-30,ICICIBANK,EQ,1486.2,1487.7,1488.5,1477.3,1480.1,1482.4,1483.4,7238625.0,10737774608.0,176359.0,"48,92,549",67.59
2025-07-31,ICICIBANK,EQ,1482.4,1469.9,1494.5,1464.0,1485.1,1481.4,1481.12,12406146.0,18375022495.4,306162.0,"66,56,686",53.66
2025-08-01,ICICIBANK,EQ,1481.4,1480.4,1485.1,1469.8,1470.1,1471.6,1474.75,4416771.0,6513645513.8,142277.0,"25,67,168",58.12
2025-08-04,ICICIBANK,EQ,1471.6,1476.8,1478.8,1461.3,1463.1,1463.2,1466.67,6140054.0,9005448862.6,135797.0,"44,39,749",72.31
2025-08-05,ICICIBANK,EQ,1463.2,1453.0,1461.5,1441.0,1445.0,1444.4,1445.77,14799343.0,21396397537.4,156234.0,"1,16,97,809",79.04
2025-08-06,ICICIBANK,EQ,1444.4,1442.3,1454.0,1441.6,1443.5,1443.6,1446.52,7805252.0,11290438379.5,121663.0,"59,71,810",76.51
2025-08-07,ICICIBANK,EQ,1443.6,1441.1,1447.9,1429.1,1441.0,1440.3,1435.71,7432535.0,10670930441.9,151043.0,"52,20,885",70.24
2025-08-08,ICICIBANK,EQ,1440.3,1445.9,1447.6,1432.0,1432.0,1435.9,1436.99,5415511.0,7782061616.9,102913.0,"43,55,697",80.43
2025-08-11,ICICIBANK,EQ,1435.9,1427.9,1438.4,1420.4,1437.3,1436.6,1428.92,8492484.0,12135055891.3,182653.0,"58,21,304",68.55
2025-08-12,ICICIBANK,EQ,1436.6,1431.0,1433.8,1420.1,1421.4,1422.0,1425.1,5913947.0,8427986637.0,199744.0,"27,57,317",46.62
2025-08-13,ICICIBANK,EQ,1422.0,1424.6,1427.7,1415.2,1421.8,1420.8,1421.23,9009465.0,12804539647.1,158523.0,"66,50,525",73.82
2025-08-14,ICICIBANK,EQ,1420.8,1412.0,1431.1,1412.0,1427.6,1427.3,1426.41,7577793.0,10809059788.7,146431.0,"47,36,884",62.51
2025-08-15,ICICIBANK,EQ,1420.8,1412.0,1431.1,1412.0,1427.6,1427.3,1426.41,7577793.0,10809059788.7,146431.0,"47,36,884",62.51
2025-08-18,ICICIBANK,EQ,1427.3,1450.0,1452.4,1431.0,1436.3,1434.6,1440.6,6908844.0,9952855665.5,150892.0,"38,20,563",55.3
2025-08-19,ICICIBANK,EQ,1434.6,1431.1,1438.5,1426.3,1436.9,1436.3,1434.78,6709554.0,9626706605.9,161273.0,"44,33,271",66.07
2025-08-20,ICICIBANK,EQ,1436.3,1432.6,1435.9,1423.0,1430.0,1430.6,1429.9,5817858.0,8318955912.5,153109.0,"40,29,390",69.26
2025-08-21,ICICIBANK,EQ,1430.6,1440.1,1447.8,1436.4,1444.7,1446.0,1442.76,6238645.0,9000876523.4,161682.0,"38,99,947",62.51
2025-08-22,ICICIBANK,EQ,1446.0,1444.3,1446.0,1429.4,1435.9,1436.4,1436.69,6657207.0,9564347160.1,161483.0,"47,61,843",71.53
2025-08-25,ICICIBANK,EQ,1436.4,1435.9,1435.9,1424.0,1430.9,1433.2,1430.14,6738427.0,9636918576.0,142654.0,"48,33,119",71.72
2025-08-26,ICICIBANK,EQ,1433.2,1427.9,1427.9,1413.1,1415.0,1416.6,1417.47,8720155.0,12360595794.0,201100.0,"50,82,079",58.28
2025-08-27,ICICIBANK,EQ,1433.2,1427.9,1427.9,1413.1,1415.0,1416.6,1417.47,8720155.0,12360595794.0,201100.0,"50,82,079",58.28
2025-08-28,ICICIBANK,EQ,1416.6,1408.0,1411.8,1396.3,1397.6,1399.1,1403.02,12990789.0,18226341926.4,241173.0,"72,11,605",55.51
2025-08-29,ICICIBANK,EQ,1399.1,1392.1,1405.0,1392.1,1396.2,1397.8,1399.82,8519507.0,11925741661.0,183125.0,"63,09,784",74.06
2025-09-01,ICICIBANK,EQ,1397.8,1398.1,1412.4,1398.1,1411.0,1411.0,1406.76,4927348.0,6931617328.7,137472.0,"29,26,501",59.39
2025-09-02,ICICIBANK,EQ,1411.0,1413.9,1413.9,1390.0,1391.0,1394.2,1401.96,7163073.0,10042341320.3,207579.0,"33,76,919",47.14
2025-09-03,ICICIBANK,EQ,1394.2,1389.0,1400.0,1384.2,1396.6,1397.0,1392.24,9813382.0,13662618272.4,215122.0,"67,83,241",69.12
2025-09-04,ICICIBANK,EQ,1397.0,1409.9,1415.1,1401.9,1408.0,1405.5,1408.38,10564859.0,14879368496.7,178722.0,"44,39,781",42.02
2025-09-05,ICICIBANK,EQ,1405.5,1411.0,1411.5,1387.7,1402.3,1402.8,1397.54,6621077.0,9253243890.3,129950.0,"40,86,124",61.71
2025-09-08,ICICIBANK,EQ,1402.8,1402.2,1410.6,1397.6,1403.0,1402.7,1404.56,5880943.0,8260153082.3,133142.0,"36,52,150",62.1
2025-09-09,ICICIBANK,EQ,1402.7,1399.0,1407.5,1395.2,1402.4,1403.7,1401.81,6470679.0,9070676168.9,129854.0,"28,29,800",43.73
2025-09-10,ICICIBANK,EQ,1403.7,1410.0,1413.7,1402.1,1403.3,1403.9,1407.17,7452347.0,10486722637.7,216180.0,"51,46,529",69.06
2025-09-11,ICICIBANK,EQ,1403.9,1398.0,1408.0,1396.0,1401.6,1401.6,1403.25,10192026.0,14301923215.8,181447.0,"42,47,846",41.68
2025-09-12,ICICIBANK,EQ,1401.6,1405.1,1419.7,1400.1,1417.5,1417.7,1412.86,7770038.0,10977991343.8,165154.0,"57,30,841",73.76
2025-09-15,ICICIBANK,EQ,1417.7,1422.0,1426.8,1416.3,1418.0,1419.4,1421.99,5845637.0,8312411904.6,130816.0,"34,03,396",58.22
2025-09-16,ICICIBANK,EQ,1419.4,1414.0,1424.9,1413.7,1422.4,1421.6,1420.63,8213151.0,11667859743.8,139536.0,"47,47,325",57.8
2025-09-17,ICICIBANK,EQ,1421.6,1420.1,1426.1,1416.4,1417.2,1419.2,1420.85,7484283.0,10634007393.7,131200.0,"47,34,134",63.25
2025-09-18,ICICIBANK,EQ,1419.2,1431.1,1432.8,1415.3,1423.0,1421.7,1422.48,8130537.0,11565563636.6,165955.0,"37,94,140",46.67
2025-09-19,ICICIBANK,EQ,1421.7,1416.1,1418.0,1400.2,1402.5,1402.2,1404.18,13457344.0,18896559650.8,172737.0,"97,80,490",72.68
2025-09-22,ICICIBANK,EQ,1402.2,1403.9,1409.9,1397.2,1402.2,1401.5,1403.29,8847948.0,12416209740.2,113260.0,"55,27,113",62.47
2025-09-23,ICICIBANK,EQ,1401.5,1391.0,1403.3,1391.0,1396.1,1394.3,1396.75,12827524.0,17916801862.9,197247.0,"65,10,966",50.76
2025-09-24,ICICIBANK,EQ,1394.3,1386.4,1390.9,1376.5,1383.0,1382.7,1382.2,9735678.0,13456684266.1,210851.0,"63,68,751",65.42
2025-09-25,ICICIBANK,EQ,1382.7,1377.0,1391.5,1371.8,1373.7,1375.8,1378.32,21613389.0,29790090966.1,196991.0,"1,39,57,730",64.58
2025-09-26,ICICIBANK,EQ,1375.8,1368.0,1372.7,1357.0,1362.5,1359.6,1363.33,18342280.0,25006644406.5,183369.0,"1,36,53,656",74.44
2025-09-29,ICICIBANK,EQ,1359.6,1359.6,1366.5,1346.2,1350.0,1348.1,1352.69,20563163.0,27815685218.2,277001.0,"1,46,72,392",71.35
2025-09-30,ICICIBANK,EQ,1348.1,1353.7,1356.6,1342.6,1348.9,1348.0,1349.21,20166871.0,27209326360.4,214277.0,"1,14,28,934",56.67
2025-10-01,ICICIBANK,EQ,1348.0,1348.0,1379.4,1347.1,1372.0,1372.0,1368.92,20952632.0,28682559363.9,490279.0,"1,44,34,125",68.89
2025-10-02,ICICIBANK,EQ,1348.0,1348.0,1379.4,1347.1,1372.0,1372.0,1368.92,20952632.0,28682559363.9,490279.0,"1,44,34,125",68.89
2025-10-03,ICICIBANK,EQ,1372.0,1371.9,1371.9,1361.3,1365.0,1365.2,1366.86,12163695.0,16626122666.1,192526.0,"78,43,803",64.49
2025-10-06,ICICIBANK,EQ,1365.2,1371.0,1372.6,1359.1,1363.9,1363.4,1364.15,14314283.0,19526828804.4,200684.0,"90,35,178",63.12
2025-10-07,ICICIBANK,EQ,1363.4,1363.6,1383.1,1363.6,1375.0,1375.9,1377.91,16126464.0,22220830751.1,217688.0,"1,06,40,042",65.98
2025-10-08,ICICIBANK,EQ,1375.9,1372.3,1381.6,1364.3,1367.8,1370.3,1372.13,8100832.0,11115359090.3,176755.0,"50,31,422",62.11
2025-10-09,ICICIBANK,EQ,1370.3,1369.8,1378.7,1365.1,1374.0,1376.2,1374.5,7909575.0,10871677779.1,175558.0,"40,32,443",50.98
2025-10-10,ICICIBANK,EQ,1376.2,1370.3,1385.0,1370.3,1380.4,1380.3,1380.18,7673816.0,10591267726.7,136734.0,"44,62,862",58.16
2025-10-13,ICICIBANK,EQ,1380.3,1373.1,1386.4,1373.1,1381.0,1379.4,1379.11,8923018.0,12305847453.3,295408.0,"48,35,907",54.2
2025-10-14,ICICIBANK,EQ,1379.4,1389.0,1389.0,1375.1,1384.8,1384.1,1381.47,10610855.0,14658607710.7,126104.0,"44,24,316",41.7
2025-10-15,ICICIBANK,EQ,1384.1,1386.5,1400.4,1385.5,1399.0,1398.4,1394.81,8988550.0,12537342798.3,244373.0,"54,28,366",60.39
2025-10-16,ICICIBANK,EQ,1398.4,1401.0,1418.9,1399.4,1417.4,1417.3,1412.88,12185032.0,17215999886.5,233599.0,"80,88,526",66.38
2025-10-17,ICICIBANK,EQ,1417.3,1412.0,1439.6,1410.9,1436.6,1436.6,1427.77,17037215.0,24325273729.9,326926.0,"1,10,74,634",65.0
2025-10-20,ICICIBANK,EQ,1436.6,1442.0,1445.0,1389.2,1393.0,1390.3,1401.64,23330227.0,32700479176.4,670783.0,"1,49,44,729",64.06
2025-10-21,ICICIBANK,EQ,1390.3,1384.5,1387.6,1375.9,1381.3,1382.0,1383.19,3415560.0,4724355077.4,93955.0,"18,02,781",52.79
2025-10-22,ICICIBANK,EQ,1390.3,1384.5,1387.6,1375.9,1381.3,1382.0,1383.19,3415560.0,4724355077.4,93955.0,"18,02,781",52.79
2025-10-23,ICICIBANK,EQ,1382.0,1385.0,1389.8,1360.1,1364.3,1363.7,1375.57,21124942.0,29058772536.5,401439.0,"1,34,99,084",63.9
2025-10-24,ICICIBANK,EQ,1363.7,1368.1,1381.6,1368.1,1378.0,1377.7,1376.15,10570263.0,14546256446.3,254633.0,"59,12,429",55.93
2025-10-27,ICICIBANK,EQ,1377.7,1382.1,1386.8,1374.0,1379.6,1377.6,1379.13,11499836.0,15859716513.7,296317.0,"89,34,314",77.69
2025-10-28,ICICIBANK,EQ,1377.6,1373.0,1375.8,1356.2,1366.2,1363.1,1361.81,26477914.0,36057949499.5,480704.0,"1,50,59,288",56.87
2025-10-29,ICICIBANK,EQ,1363.1,1364.6,1371.7,1358.4,1371.6,1370.4,1365.15,16129382.0,22019031340.9,353776.0,"1,12,70,741",69.88
2025-10-30,ICICIBANK,EQ,1370.4,1362.4,1370.2,1361.3,1362.4,1362.4,1364.23,9324401.0,12720637741.3,301933.0,"50,47,355",54.13
2025-10-31,ICICIBANK,EQ,1362.4,1357.0,1362.0,1343.3,1345.5,1345.3,1349.3,15926798.0,21489988727.8,309384.0,"1,18,77,794",74.58
2025-11-03,ICICIBANK,EQ,1345.3,1340.5,1351.6,1337.9,1349.0,1346.4,1344.89,11071450.0,14889921391.0,301531.0,"69,86,020",63.1
2025-11-04,ICICIBANK,EQ,1346.4,1342.6,1349.8,1333.2,1336.9,1336.9,1337.49,15211183.0,20344838007.0,276007.0,"96,47,498",63.42
2025-11-05,ICICIBANK,EQ,1346.4,1342.6,1349.8,1333.2,1336.9,1336.9,1337.49,15211183.0,20344838007.0,276007.0,"96,47,498",63.42
2025-11-06,ICICIBANK,EQ,1336.9,1330.0,1342.2,1317.4,1320.3,1320.4,1324.61,24221853.0,32084516054.8,368806.0,"1,75,12,617",72.3
2025-11-07,ICICIBANK,EQ,1320.4,1320.4,1344.3,1318.6,1342.6,1343.0,1337.7,7719245.0,10326029497.0,149776.0,"50,17,225",65.0
2025-11-10,ICICIBANK,EQ,1343.0,1342.9,1349.6,1341.0,1346.8,1348.0,1345.91,8542340.0,11497241405.3,155442.0,"61,19,354",71.64
2025-11-11,ICICIBANK,EQ,1348.0,1349.0,1360.4,1346.2,1359.0,1358.3,1354.89,8305184.0,11252612832.3,208140.0,"53,15,504",64.0
2025-11-12,ICICIBANK,EQ,1358.3,1370.0,1370.0,1355.4,1358.5,1358.9,1361.79,9736761.0,13259441993.5,168204.0,"68,21,183",70.06
2025-11-13,ICICIBANK,EQ,1358.9,1358.9,1390.4,1358.5,1385.4,1385.9,1383.47,18296626.0,25312823046.7,239327.0,"1,38,63,137",75.77
2025-11-14,ICICIBANK,EQ,1385.9,1374.0,1381.2,1363.2,1373.2,1373.0,1370.92,9694498.0,13290412846.7,190956.0,"67,15,125",69.27
2025-11-17,ICICIBANK,EQ,1373.0,1375.1,1382.5,1373.6,1379.1,1379.0,1378.91,7660717.0,10563473675.8,109085.0,"58,84,501",76.81
2025-11-18,ICICIBANK,EQ,1379.0,1380.2,1382.8,1369.1,1370.0,1373.4,1374.73,9529560.0,13100617263.5,143242.0,"56,96,159",59.77
2025-11-19,ICICIBANK,EQ,1373.4,1373.5,1384.0,1371.6,1383.1,1383.1,1379.61,10393918.0,14339582068.9,152320.0,"82,55,745",79.43
2025-11-20,ICICIBANK,EQ,1383.1,1380.1,1388.3,1375.4,1382.0,1383.0,1381.32,10131863.0,13995331858.3,199484.0,"60,88,338",60.09
2025-11-21,ICICIBANK,EQ,1383.0,1373.0,1376.0,1364.6,1369.0,1369.5,1369.27,11483595.0,15724108014.6,171633.0,"82,58,055",71.91
2025-11-24,ICICIBANK,EQ,1369.5,1373.3,1377.0,1361.5,1366.0,1368.4,1369.72,15896003.0,21773146809.9,192513.0,"1,04,97,061",66.04
2025-11-25,ICICIBANK,EQ,1368.4,1365.0,1376.9,1354.3,1356.9,1357.8,1362.23,12235000.0,16666909341.5,217159.0,"68,15,799",55.71
2025-11-26,ICICIBANK,EQ,1357.8,1360.0,1377.0,1359.9,1375.0,1375.0,1369.92,9659004.0,13232068784.9,140169.0,"61,55,439",63.73
2025-11-27,ICICIBANK,EQ,1375.0,1379.0,1394.0,1375.7,1393.9,1392.2,1388.89,15158741.0,21053799768.4,232290.0,"1,06,06,393",69.97
2025-11-28,ICICIBANK,EQ,1392.2,1392.0,1398.5,1385.6,1388.4,1388.8,1390.33,7683986.0,10683252227.0,198302.0,"59,35,156",77.24
2025-12-01,ICICIBANK,EQ,1388.8,1394.0,1400.0,1385.4,1390.2,1390.1,1393.22,8867593.0,12354467146.1,225630.0,"61,05,611",68.85
2025-12-02,ICICIBANK,EQ,1390.1,1381.8,1381.8,1370.6,1373.8,1373.0,1374.68,12126396.0,16669881069.6,335552.0,"78,84,547",65.02
2025-12-03,ICICIBANK,EQ,1373.0,1367.0,1394.2,1367.0,1392.0,1391.5,1383.0,7955933.0,11003040759.7,182044.0,"53,49,782",67.24
2025-12-04,ICICIBANK,EQ,1391.5,1387.0,1391.6,1379.9,1386.0,1386.7,1385.21,7373909.0,10214431633.6,189163.0,"51,94,119",70.44
2025-12-05,ICICIBANK,EQ,1386.7,1381.0,1395.3,1381.0,1392.5,1392.5,1390.49,4942638.0,6872704506.9,130513.0,"30,22,563",61.15
2025-12-08,ICICIBANK,EQ,1392.5,1387.0,1394.9,1383.3,1387.5,1389.6,1388.87,7826227.0,10869628559.2,177670.0,"52,53,093",67.12
2025-12-09,ICICIBANK,EQ,1389.6,1379.9,1384.3,1373.4,1375.0,1375.2,1377.4,10492030.0,14451676568.3,175866.0,"65,08,576",62.03
2025-12-10,ICICIBANK,EQ,1375.2,1377.9,1379.4,1357.9,1364.5,1363.6,1366.49,8725381.0,11923188503.5,164913.0,"66,17,328",75.84
2025-12-11,ICICIBANK,EQ,1363.6,1363.7,1366.6,1352.8,1361.0,1360.0,1360.4,6734750.0,9161934313.7,166103.0,"45,75,945",67.95
2025-12-12,ICICIBANK,EQ,1360.0,1368.0,1370.7,1363.3,1366.0,1366.0,1366.43,3890885.0,5316635958.2,113064.0,"29,17,482",74.98
2025-12-15,ICICIBANK,EQ,1366.0,1356.1,1370.0,1356.1,1365.0,1365.2,1364.54,5342530.0,7290105034.9,267792.0,"35,70,527",66.83
2025-12-16,ICICIBANK,EQ,1365.2,1364.0,1368.7,1355.5,1366.6,1366.0,1363.69,12359741.0,16854916855.0,345540.0,"53,95,046",43.65
2025-12-17,ICICIBANK,EQ,1366.0,1365.0,1365.0,1343.1,1353.5,1352.4,1350.59,9440391.0,12750064577.5,199498.0,"57,14,275",60.53
2025-12-18,ICICIBANK,EQ,1352.4,1346.3,1369.5,1345.5,1357.0,1356.8,1360.11,7314573.0,9948607088.4,207464.0,"35,41,972",48.42
2025-12-19,ICICIBANK,EQ,1356.8,1354.0,1360.4,1350.8,1354.3,1354.1,1354.21,14318512.0,19390242360.8,224715.0,"1,13,21,180",79.07
2025-12-22,ICICIBANK,EQ,1354.1,1358.0,1371.3,1354.8,1367.5,1368.5,1365.67,9375294.0,12803546328.8,204189.0,"58,79,943",62.72
2025-12-23,ICICIBANK,EQ,1368.5,1361.1,1365.0,1357.0,1362.4,1363.0,1361.81,9105467.0,12399897178.6,231134.0,"44,35,940",48.72
2025-12-24,ICICIBANK,EQ,1363.0,1363.8,1368.2,1357.6,1359.0,1359.8,1362.26,8955140.0,12199271454.0,163168.0,"43,98,930",49.12
2025-12-25,ICICIBANK,EQ,1363.0,1363.8,1368.2,1357.6,1359.0,1359.8,1362.26,8955140.0,12199271454.0,163168.0,"43,98,930",49.12
2025-12-26,ICICIBANK,EQ,1359.8,1356.5,1362.0,1348.5,1351.0,1350.4,1353.25,2812144.0,3805533190.0,92194.0,"18,54,240",65.94
2025-12-29,ICICIBANK,EQ,1350.4,1352.1,1355.7,1341.5,1343.6,1343.3,1346.07,6057201.0,8153410855.4,145962.0,"37,88,268",62.54
2025-12-30,ICICIBANK,EQ,1343.3,1343.3,1347.1,1338.1,1347.0,1342.5,1341.94,18621277.0,24988603546.5,261375.0,"1,28,33,261",68.92
2025-12-31,ICICIBANK,EQ,1342.5,1342.8,1350.0,1339.5,1343.0,1342.9,1344.37,6150634.0,8268715778.6,133779.0,"38,09,816",61.94
2026-01-01,ICICIBANK,EQ,1342.9,1343.9,1348.4,1336.0,1337.6,1338.0,1340.3,4179311.0,5601512243.1,92659.0,"13,20,425",31.59
2026-01-02,ICICIBANK,EQ,1338.0,1338.0,1356.9,1336.3,1355.1,1355.4,1348.97,8226205.0,11096863710.8,123080.0,"57,10,169",69.41
2026-01-05,ICICIBANK,EQ,1355.4,1354.2,1375.5,1352.6,1372.0,1371.5,1369.03,6920565.0,9474470607.3,251280.0,"45,15,341",65.25
2026-01-06,ICICIBANK,EQ,1371.5,1372.0,1413.6,1366.0,1409.9,1411.2,1404.16,17260416.0,24236360970.1,338562.0,"1,19,08,090",68.99
2026-01-07,ICICIBANK,EQ,1411.2,1408.0,1429.9,1404.2,1425.6,1427.7,1421.98,15813795.0,22486967388.8,263196.0,"1,21,27,276",76.69
2026-01-08,ICICIBANK,EQ,1427.7,1429.0,1442.2,1423.3,1434.9,1435.0,1435.94,14861699.0,21340484627.5,290412.0,"1,05,79,816",71.19
2026-01-09,ICICIBANK,EQ,1435.0,1427.1,1429.5,1401.5,1405.0,1404.3,1407.82,12555636.0,17676064959.3,176569.0,"89,94,277",71.64
2026-01-12,ICICIBANK,EQ,1404.3,1399.9,1424.3,1391.7,1420.0,1413.1,1409.1,10923811.0,15392757596.1,213429.0,"73,93,741",67.68
2026-01-13,ICICIBANK,EQ,1413.1,1420.0,1441.8,1411.1,1436.5,1437.0,1432.77,14295581.0,20482294150.0,324654.0,"76,60,517",53.59
2026-01-14,ICICIBANK,EQ,1437.0,1425.6,1443.9,1414.9,1416.6,1418.4,1425.59,13832255.0,19719079329.9,258446.0,"78,06,913",56.44
2026-01-15,ICICIBANK,EQ,1437.0,1425.6,1443.9,1414.9,1416.6,1418.4,1425.59,13832255.0,19719079329.9,258446.0,"78,06,913",56.44
2026-01-16,ICICIBANK,EQ,1418.4,1417.9,1429.0,1400.2,1413.0,1410.8,1413.4,12530886.0,17711165102.7,310123.0,"86,85,738",69.31
2026-01-19,ICICIBANK,EQ,1410.8,1399.9,1400.0,1360.0,1377.7,1380.6,1374.22,23302883.0,32023323446.3,443246.0,"1,50,34,912",64.52
2026-01-20,ICICIBANK,EQ,1380.6,1374.7,1387.8,1371.5,1375.6,1375.8,1380.38,15012785.0,20723399138.7,348185.0,"93,17,390",62.06
2026-01-21,ICICIBANK,EQ,1375.8,1367.5,1371.5,1339.5,1346.9,1349.0,1353.06,21766068.0,29450824904.3,325494.0,"1,24,37,359",57.14
2026-01-22,ICICIBANK,EQ,1349.0,1355.1,1358.0,1338.0,1347.0,1345.5,1345.43,17179765.0,23114175406.1,376183.0,"96,88,821",56.4
2026-01-23,ICICIBANK,EQ,1345.5,1340.5,1355.2,1335.7,1346.0,1343.4,1345.35,14056524.0,18910909222.0,266966.0,"96,21,091",68.45
2026-01-26,ICICIBANK,EQ,1345.5,1340.5,1355.2,1335.7,1346.0,1343.4,1345.35,14056524.0,18910909222.0,266966.0,"96,21,091",68.45
2026-01-27,ICICIBANK,EQ,1343.4,1340.0,1369.1,1328.6,1367.1,1361.4,1351.83,25263634.0,34152185794.4,397382.0,"1,46,68,037",58.06
2026-01-28,ICICIBANK,EQ,1361.4,1362.6,1380.4,1362.6,1368.3,1367.7,1369.75,13242696.0,18139117842.7,214114.0,"1,00,32,094",75.76
2026-01-29,ICICIBANK,EQ,1367.7,1359.0,1387.7,1354.4,1385.0,1383.6,1375.36,23118234.0,31795880950.8,316133.0,"1,59,57,952",69.03
2026-01-30,ICICIBANK,EQ,1383.6,1368.2,1381.9,1353.2,1357.0,1355.0,1365.39,24013717.0,32788049343.3,174668.0,"1,63,16,633",67.95
2026-02-02,ICICIBANK,EQ,1334.2,1329.9,1354.4,1329.1,1351.0,1352.8,1345.43,12800245.0,17221871131.7,296520.0,"95,46,419",74.58
2026-02-03,ICICIBANK,EQ,1352.8,1412.0,1417.0,1373.4,1388.0,1389.7,1391.76,24896698.0,34650222974.7,362321.0,"1,60,91,194",64.63
2026-02-04,ICICIBANK,EQ,1389.7,1387.0,1414.0,1386.9,1406.1,1408.4,1406.84,11080683.0,15588750561.4,191128.0,"71,68,642",64.69
2026-02-05,ICICIBANK,EQ,1408.4,1414.0,1414.0,1393.2,1394.6,1396.5,1402.07,8982761.0,12594468388.5,179749.0,"46,32,508",51.57
2026-02-06,ICICIBANK,EQ,1396.5,1396.7,1410.5,1394.7,1408.0,1406.1,1402.67,10851190.0,15220680762.5,167764.0,"69,21,748",63.79
2026-02-09,ICICIBANK,EQ,1406.1,1413.5,1414.0,1388.8,1395.1,1396.3,1396.52,7889742.0,11018192537.5,201425.0,"55,73,517",70.64
2026-02-10,ICICIBANK,EQ,1396.3,1401.0,1409.5,1395.5,1404.1,1406.5,1403.57,16497628.0,23155653318.5,290456.0,"93,90,267",56.92
2026-02-11,ICICIBANK,EQ,1406.5,1407.4,1413.0,1400.4,1409.0,1406.1,1405.32,8551341.0,12017347016.7,233720.0,"52,35,374",61.22
2026-02-12,ICICIBANK,EQ,1406.1,1406.1,1433.0,1405.3,1432.0,1430.0,1426.52,19646265.0,28025718740.7,359078.0,"1,16,34,990",59.22
2026-02-13,ICICIBANK,EQ,1430.0,1425.3,1434.4,1410.7,1415.5,1414.6,1417.7,12228083.0,17335809677.4,331274.0,"93,46,512",76.43
2026-02-16,ICICIBANK,EQ,1414.6,1404.0,1414.0,1400.5,1413.0,1411.6,1408.85,5000042.0,7044301759.4,162024.0,"27,63,183",55.26
2026-02-17,ICICIBANK,EQ,1411.6,1406.2,1413.6,1393.6,1405.0,1407.5,1404.65,11756187.0,16513361505.9,181342.0,"42,71,702",36.34
2026-02-18,ICICIBANK,EQ,1407.5,1410.1,1412.3,1398.9,1406.0,1408.2,1403.95,4758071.0,6680116792.3,107958.0,"27,18,133",57.13
2026-02-19,ICICIBANK,EQ,1408.2,1408.5,1412.3,1384.8,1388.7,1388.8,1394.99,14323091.0,19980613931.7,172043.0,"71,45,103",49.89
2026-02-20,ICICIBANK,EQ,1388.8,1388.5,1403.7,1384.0,1394.0,1394.5,1396.03,10337877.0,14432024508.8,125352.0,"66,32,857",64.16
2026-02-23,ICICIBANK,EQ,1394.5,1400.0,1408.3,1395.3,1399.0,1399.4,1400.86,10728445.0,15029032958.6,137169.0,"71,08,232",66.26
2026-02-24,ICICIBANK,EQ,1399.4,1400.9,1400.9,1382.3,1385.5,1384.8,1388.5,18274784.0,25374556219.0,178572.0,"1,07,40,431",58.77
2026-02-25,ICICIBANK,EQ,1384.8,1391.8,1407.4,1388.2,1398.1,1400.5,1399.92,16297015.0,22814495610.0,219690.0,"1,13,72,305",69.78
2026-02-26,ICICIBANK,EQ,1400.5,1405.1,1410.0,1392.1,1401.6,1404.9,1403.62,27288792.0,38303170835.6,275171.0,"1,50,50,672",55.15
2026-02-27,ICICIBANK,EQ,1404.9,1400.0,1402.2,1376.7,1379.4,1378.9,1385.66,15096898.0,20919149418.3,171296.0,"1,15,27,766",76.36
2026-03-02,ICICIBANK,EQ,1378.9,1355.0,1379.2,1355.0,1374.8,1374.0,1369.59,16928683.0,23185356350.4,308886.0,"83,52,909",49.34
2026-03-03,ICICIBANK,EQ,1378.9,1355.0,1379.2,1355.0,1374.8,1374.0,1369.59,16928683.0,23185356350.4,308886.0,"83,52,909",49.34
2026-03-04,ICICIBANK,EQ,1374.0,1326.0,1376.0,1326.0,1368.5,1365.4,1355.31,20009132.0,27118532926.0,502432.0,"1,25,65,957",62.8
2026-03-05,ICICIBANK,EQ,1365.4,1368.9,1370.8,1347.6,1353.3,1357.6,1356.94,17590491.0,23869237214.5,214379.0,"76,33,505",43.4
2026-03-06,ICICIBANK,EQ,1357.6,1339.0,1357.6,1310.4,1315.1,1313.4,1322.85,22778852.0,30132894838.8,396209.0,"1,36,81,690",60.06
2026-03-09,ICICIBANK,EQ,1313.4,1272.7,1282.7,1251.1,1275.0,1278.4,1271.54,16116652.0,20492913753.0,321194.0,"92,26,113",57.25
2026-03-10,ICICIBANK,EQ,1278.4,1287.6,1315.0,1285.6,1312.8,1311.9,1304.25,19136143.0,24958313823.4,318391.0,"91,04,535",47.58
2026-03-11,ICICIBANK,EQ,1311.9,1300.0,1306.5,1290.9,1292.0,1294.6,1297.44,13224259.0,17157729375.1,265729.0,"69,77,904",52.77
2026-03-12,ICICIBANK,EQ,1294.6,1275.7,1280.5,1258.3,1269.9,1266.5,1270.55,19676187.0,24999530425.9,335143.0,"1,02,59,179",52.14
2026-03-13,ICICIBANK,EQ,1266.5,1251.9,1262.3,1248.7,1255.0,1254.8,1254.83,17344394.0,21764218501.6,248517.0,"1,05,65,554",60.92
2026-03-16,ICICIBANK,EQ,1254.8,1255.0,1276.8,1240.1,1267.6,1272.9,1261.0,22740688.0,28675965063.5,264944.0,"1,31,12,471",57.66
2026-03-17,ICICIBANK,EQ,1272.9,1278.9,1294.4,1273.0,1287.0,1288.7,1285.58,22303102.0,28672515530.3,242007.0,"96,99,357",43.49
2026-03-18,ICICIBANK,EQ,1288.7,1286.0,1297.1,1270.8,1292.0,1289.3,1287.83,12961135.0,16691703269.0,224259.0,"80,74,954",62.3
2026-03-19,ICICIBANK,EQ,1289.3,1267.6,1285.9,1243.7,1259.7,1250.1,1258.87,14422899.0,18156625895.6,285591.0,"65,90,960",45.7
2026-03-20,ICICIBANK,EQ,1250.1,1258.4,1274.0,1241.7,1249.8,1245.4,1256.05,16421006.0,20625609488.5,320542.0,"1,16,85,036",71.16
2026-03-23,ICICIBANK,EQ,1245.4,1226.6,1234.9,1218.1,1225.0,1222.7,1225.36,17049534.0,20891771051.1,279421.0,"1,16,39,598",68.27
2026-03-24,ICICIBANK,EQ,1222.7,1237.1,1253.9,1223.7,1252.6,1251.2,1242.48,20617782.0,25617206863.5,241682.0,"1,14,75,766",55.66
2026-03-25,ICICIBANK,EQ,1251.2,1258.9,1272.9,1254.4,1258.4,1259.7,1262.48,17290030.0,21828349228.1,245636.0,"86,56,583",50.07
2026-03-26,ICICIBANK,EQ,1251.2,1258.9,1272.9,1254.4,1258.4,1259.7,1262.48,17290030.0,21828349228.1,245636.0,"86,56,583",50.07
2026-03-27,ICICIBANK,EQ,1259.7,1256.0,1260.9,1230.1,1237.9,1233.8,1241.91,23630905.0,29347500695.0,280968.0,"1,68,67,704",71.38
2026-03-30,ICICIBANK,EQ,1233.8,1216.5,1222.6,1200.4,1211.8,1205.9,1211.37,23952775.0,29015783813.0,224335.0,"93,92,575",39.21
2026-03-31,ICICIBANK,EQ,1233.8,1216.5,1222.6,1200.4,1211.8,1205.9,1211.37,23952775.0,29015783813.0,224335.0,"93,92,575",39.21
2026-04-01,ICICIBANK,EQ,1205.9,1228.1,1234.0,1210.0,1213.0,1212.7,1219.58,25472333.0,31065455922.5,256306.0,"1,67,73,079",65.85
2026-04-02,ICICIBANK,EQ,1212.7,1196.0,1222.1,1187.6,1216.5,1215.8,1204.91,20851722.0,25124402749.5,346186.0,"96,40,544",46.23
2026-04-03,ICICIBANK,EQ,1212.7,1196.0,1222.1,1187.6,1216.5,1215.8,1204.91,20851722.0,25124402749.5,346186.0,"96,40,544",46.23
2026-04-06,ICICIBANK,EQ,1215.8,1213.0,1234.4,1200.5,1228.6,1231.4,1218.09,10058414.0,12252023145.8,131870.0,"58,72,971",58.39
2026-04-07,ICICIBANK,EQ,1231.4,1229.0,1250.4,1216.6,1248.5,1245.5,1235.01,25600557.0,31617031068.7,212038.0,"1,58,05,155",61.74
2026-04-08,ICICIBANK,EQ,1245.5,1310.0,1333.5,1292.4,1309.1,1309.2,1307.02,25148651.0,32869793000.9,267068.0,"1,47,46,595",58.64
2026-04-09,ICICIBANK,EQ,1309.2,1299.9,1308.0,1275.9,1283.5,1281.3,1287.04,22923062.0,29502799668.9,295814.0,"1,03,38,289",45.1
2026-04-10,ICICIBANK,EQ,1281.3,1289.0,1324.0,1288.5,1322.8,1321.9,1317.23,18174755.0,23940399460.2,265455.0,"1,06,95,254",58.85
2026-04-13,ICICIBANK,EQ,1321.9,1304.9,1357.0,1296.7,1347.0,1351.1,1336.01,30572141.0,40844687271.3,391182.0,"1,88,70,489",61.72
2026-04-14,ICICIBANK,EQ,1321.9,1304.9,1357.0,1296.7,1347.0,1351.1,1336.01,30572141.0,40844687271.3,391182.0,"1,88,70,489",61.72
2026-04-15,ICICIBANK,EQ,1351.1,1358.0,1364.8,1338.0,1347.0,1348.1,1348.45,23827473.0,32130112128.2,367877.0,"1,32,38,363",55.56
2026-04-16,ICICIBANK,EQ,1348.1,1352.0,1366.9,1340.2,1343.9,1345.5,1351.63,24017236.0,32462401733.8,369800.0,"72,48,933",30.18
2026-04-17,ICICIBANK,EQ,1345.5,1347.0,1352.9,1334.0,1352.8,1346.8,1341.32,18151993.0,24347556255.2,212763.0,"1,07,17,365",59.04
2026-04-20,ICICIBANK,EQ,1346.8,1364.7,1376.4,1353.0,1354.3,1356.2,1362.59,21551520.0,29365907872.8,320334.0,"1,05,67,077",49.03
2026-04-21,ICICIBANK,EQ,1356.2,1368.0,1393.1,1360.0,1385.6,1388.4,1382.63,23312455.0,32232421315.5,249510.0,"89,35,665",38.33
2026-04-22,ICICIBANK,EQ,1388.4,1380.0,1380.1,1365.0,1367.8,1367.6,1370.33,13613487.0,18654924562.1,210901.0,"88,76,042",65.2
2026-04-23,ICICIBANK,EQ,1367.6,1348.4,1354.0,1343.5,1347.0,1348.0,1348.93,20111792.0,27129405927.9,180688.0,"1,27,48,765",63.39
2026-04-24,ICICIBANK,EQ,1348.0,1336.3,1348.8,1324.0,1325.8,1326.2,1332.36,14056743.0,18728638323.0,192491.0,"1,10,27,327",78.45
2026-04-27,ICICIBANK,EQ,1326.2,1327.9,1335.9,1310.9,1316.6,1314.1,1319.21,15385625.0,20296818470.5,221899.0,"1,01,23,366",65.8
2026-04-28,ICICIBANK,EQ,1314.1,1314.3,1317.7,1286.7,1289.1,1292.0,1300.34,16774778.0,21812894339.1,197497.0,"80,21,364",47.82
